Title Searched,Title Result,Titles Fuzzy Sim,Titles Cosine Sim,Year Searched,Year Result,Director Searched,Director Result,Directors Fuzzy Sim,Directors Cosine Sim,Link
OSCAR NOMINATED ANIMATED SHORTS,2025 Oscar Nominated Short Films: Live Action,0.58,0.378,2025,2025,,,,,/movie/2025-oscar-nominated-short-films-live-action/
OSCAR NOMINATED ANIMATED SHORTS,2025 Oscar Nominated Short Films: Animation,0.62,0.408,2025,2025,,,,,/movie/2025-oscar-nominated-short-films-animation/
OSCAR NOMINATED ANIMATED SHORTS,2025 Oscar Nominated Short Films: Documentary,0.58,0.408,2025,2025,,,,,/movie/2025-oscar-nominated-short-films-documentary/
OSCAR NOMINATED ANIMATED SHORTS,,,,2025,,,,,,
TANGERINE,Tangerine,1.0,1.0,2015,2015,Sean Baker,Sean Baker,1.0,1.0,/movie/tangerine/
PATHER PANCHALI,,,,1955,,Satyajit Ray,,,,
TAKE SHELTER,Take Shelter,1.0,1.0,2011,2011,Jeff Nichols,Jeff Nichols,1.0,1.0,/movie/take-shelter/
UNIVERSAL LANGUAGE,Universal Language,1.0,1.0,2024,2024,Matthew Rankin,Matthew Rankin,1.0,1.0,/movie/universal-language/
COLUMBUS,Columbus,1.0,1.0,2017,2017,Kogonada,Kogonada,1.0,1.0,/movie/columbus/
"GOOD BYE, LENIN!",Goodbye Lenin!,0.93,0.408,2003,2003,Wolfgang Becker,Wolfgang Becker,1.0,1.0,/movie/goodbye-lenin!/
ON BECOMING A GUINEA FOWL,On Becoming a Guinea Fowl,1.0,1.0,2024,2024,Rungano Nyoni,Rungano Nyoni,1.0,1.0,/movie/on-becoming-a-guinea-fowl/
A WOMAN IS A WOMAN,A Woman Is a Woman,1.0,1.0,1961,1961,Jean-Luc Godard,Jean-Luc Godard,1.0,1.0,/movie/a-woman-is-a-woman/
WHITE COURAGE,,,,2024,,Marcin Koszalka,,,,
SEVEN VEILS,Seven Veils,1.0,1.0,2025,2023,Atom Egoyan,Atom Egoyan,1.0,1.0,/movie/seven-veils/
SHATTERED GAMES,,,,2024,,Marek Bukowski,,,,
THE LOVE BUZZ,The Nature of Love,0.52,0.577,2024,2023,Maciej Migas,Monia Chokri,0.33,0.0,/movie/the-nature-of-love/
THE LOVE BUZZ,,,,2024,,Maciej Migas,,,,
SIMONA KOSSAK,,,,2024,,Adrian Panek,,,,
THE A(A) TEAM,The A-Team,0.78,1.0,2024,2010,Daniel Jaroszek,Joe Carnahan,0.3,0.0,/movie/the-a-team/
THE A(A) TEAM,We Beat the Dream Team,0.57,0.632,2024,2025,Daniel Jaroszek,Michael Tolajian,0.39,0.0,/movie/we-beat-the-dream-team/
THE A(A) TEAM,,,,2024,,Daniel Jaroszek,,,,
EUROPA EUROPA,Europa Europa,1.0,1.0,1990,1990,Agnieszka Holland,Agnieszka Holland,1.0,1.0,/movie/europa-europa/
THREE COLORS: BLUE,Three Colors: Blue,1.0,1.0,1993,1993,Krzysztof Kieslowski,Krzysztof Kieslowski,1.0,1.0,/movie/three-colors-blue/
ASHES AND DIAMONDS,,,,1958,,Andrzej Wajda,,,,
INCENDIES,Incendies,1.0,1.0,2010,2010,Denis Villeneuve,Denis Villeneuve,1.0,1.0,/movie/incendies/
THREE COLORS: WHITE,Three Colors: White,1.0,1.0,1994,1994,Krzysztof Kieslowski,Krzysztof Kieslowski,1.0,1.0,/movie/three-colors-white/
WOMAN OF,Kiss of the Spider Woman,0.31,0.632,2024,2025,Michal Englert,Bill Condon,0.32,0.0,/movie/kiss-of-the-spider-woman-2025/
WOMAN OF,Woman of the Hour,0.64,0.707,2024,2023,Michal Englert,Anna Kendrick,0.37,0.0,/movie/woman-of-the-hour/
WOMAN OF,Diane von Furstenberg: Woman in Charge,0.26,0.289,2024,2024,Michal Englert,"Trish Dalton, Sharmeen Obaid-Chinoy",0.29,0.0,/movie/diane-von-furstenberg-woman-in-charge/
WOMAN OF,Young Woman and the Sea,0.39,0.316,2024,2024,Michal Englert,Joachim Rønning,0.34,0.0,/movie/young-woman-and-the-sea/
THREE COLORS: RED,Three Colors: Red,1.0,1.0,1994,1994,Krzysztof Kieslowski,Krzysztof Kieslowski,1.0,1.0,/movie/three-colors-red/
IDENTIFICATION MARKS: NONE,,,,1965,,Jerzy Skolimowski,,,,
EO,EO,1.0,1.0,2022,2022,Jerzy Skolimowski,Jerzy Skolimowski,1.0,1.0,/movie/eo/
IT'S NOT MY FILM,My First Film,0.55,0.577,2024,2024,Maria Zbaska,Zia Anger,0.38,0.0,/movie/my-first-film/
IT'S NOT MY FILM,You Are So Not Invited to My Bat Mitzvah!,0.35,0.333,2024,2023,Maria Zbaska,Sammi Cohen,0.26,0.0,/movie/you-are-so-not-invited-to-my-bat-mitzvah!/
IT'S NOT MY FILM,My First Horror Film,0.5,0.5,2024,2023,Maria Zbaska,Shihan Van Clief,0.29,0.0,/movie/my-first-horror-film/
IT'S NOT MY FILM,Made in England: The Films of Powell and Pressburger,0.26,0.0,2024,2024,Maria Zbaska,David Hinton,0.25,0.0,/movie/made-in-england-the-films-of-powell-and-pressburger/
IT'S NOT MY FILM,Filmlovers!,0.3,0.0,2024,2024,Maria Zbaska,Arnaud Desplechin,0.34,0.0,/movie/filmlovers!/
IT'S NOT MY FILM,Renaissance: A Film by Beyoncé,0.39,0.25,2024,2023,Maria Zbaska,"Beyoncé, Mark Ritchie, Ed Burke",0.33,0.0,/movie/renaissance-a-film-by-beyonce/
IT'S NOT MY FILM,,,,2024,,Maria Zbaska,,,,
KULEJ. ALL THAT GLITTERS ISN’T GOLD,Rock Hudson: All That Heaven Allowed,0.48,0.333,2024,2023,Xawery Zulawski,Stephen Kijak,0.29,0.0,/movie/rock-hudson-all-that-heaven-allowed/
KULEJ. ALL THAT GLITTERS ISN’T GOLD,All That's Left of You,0.49,0.365,2024,2025,Xawery Zulawski,Cherien Dabis,0.36,0.0,/movie/all-thats-left-of-you/
KULEJ. ALL THAT GLITTERS ISN’T GOLD,It's All Over: The Kiss That Changed Spanish Football,0.41,0.272,2024,2024,Xawery Zulawski,Joanna Pardos,0.29,0.0,/movie/its-all-over-the-kiss-that-changed-spanish-football/
KULEJ. ALL THAT GLITTERS ISN’T GOLD,That They May Face the Rising Sun,0.38,0.154,2024,2023,Xawery Zulawski,Pat Collins,0.31,0.0,/movie/that-they-may-face-the-rising-sun/
KULEJ. ALL THAT GLITTERS ISN’T GOLD,,,,2024,,Xawery Zulawski,,,,
UNDER THE GREY SKY,Under the Crystal Sky,0.82,0.75,2024,2025,Mara Tamkovich,Matt Hartley,0.31,0.0,/movie/under-the-crystal-sky/
UNDER THE GREY SKY,,,,2024,,Mara Tamkovich,,,,
ERIC LARUE,Eric Larue,1.0,1.0,2025,2023,Michael Shannon,Michael Shannon,1.0,1.0,/movie/eric-larue/
3000 NIGHTS,,,,2015,,Mai Masri,,,,
MINGHUN,,,,2024,,Jan P. Matuszynski,,,,
A REAL PAIN,A Real Pain,1.0,1.0,2024,2024,Jesse Eisenberg,Jesse Eisenberg,1.0,1.0,/movie/a-real-pain/
SPARROW,The Sparrow in the Chimney,0.42,0.378,2024,2024,Tomasz Gassowski,Ramon Zürcher,0.14,0.0,/movie/the-sparrow-in-the-chimney/
SPARROW,,,,2024,,Tomasz Gassowski,,,,
YOU BURN ME,You Burn Me,1.0,1.0,2024,2024,Matías Piñeiro,Matías Piñeiro,1.0,1.0,/movie/you-burn-me/
THE ANNIHILATION OF FISH,The Annihilation of Fish,1.0,1.0,1999,1999,Charles Burnett,Charles Burnett,1.0,1.0,/movie/the-annihilation-of-fish/
BLUE COLLAR,Blue Collar,1.0,1.0,1978,1978,Paul Schrader,Paul Schrader,1.0,1.0,/movie/blue-collar/
THE FOUNTAIN,The Fountain,1.0,1.0,2006,2006,Darren Aronofsky,Darren Aronofsky,1.0,1.0,/movie/the-fountain/
INSOMNIA,Insomnia,1.0,1.0,1997,2002,Erik Skjoldbjærg,Christopher Nolan,0.3,0.0,/movie/insomnia/
INSOMNIA,,,,1997,,Erik Skjoldbjærg,,,,
HARDCORE,Hardcore,1.0,1.0,1979,1979,Paul Schrader,Paul Schrader,1.0,1.0,/movie/hardcore-1969/
THE CONFORMIST,The Conformist,1.0,1.0,1970,1970,Bernardo Bertolucci,Bernardo Bertolucci,1.0,1.0,/movie/the-conformist-re-release/
PICKPOCKET,,,,1959,,Robert Bresson,,,,
HUNGER,Hunger,1.0,1.0,2008,2008,Steve McQueen,Steve McQueen,1.0,1.0,/movie/hunger/
POLICE STORY,Police Story (1985),0.77,0.816,1985,1985,Jackie Chan,Jackie Chan,1.0,1.0,/movie/police-story-1985/
AMERICAN GIGOLO,American Gigolo,1.0,1.0,1980,1980,Paul Schrader,Paul Schrader,1.0,1.0,/movie/american-gigolo/
JULIE KEEPS QUIET,Julie Keeps Quiet,1.0,1.0,2024,2024,Leonardo Van Dijl,Leonardo Van Dijl,1.0,1.0,/movie/julie-keeps-quiet/
RED DESERT,Red Desert (1964),0.74,0.816,1964,1964,Michelangelo Antonioni,Michelangelo Antonioni,1.0,1.0,/movie/red-desert-1964/
MISERICORDIA,Misericordia,1.0,1.0,2024,2024,Alain Guiraudie,Alain Guiraudie,1.0,1.0,/movie/misericordia/
CAT PEOPLE,Cat People,1.0,1.0,1982,1982,Paul Schrader,Paul Schrader,1.0,1.0,/movie/cat-people/
DR. STRANGELOVE,,,,2025,,Sean Foley,,,,
MISHIMA: A LIFE IN FOUR CHAPTERS,Mishima: A Life in Four Chapters,1.0,1.0,1985,1985,Paul Schrader,Paul Schrader,1.0,1.0,/movie/mishima-a-life-in-four-chapters/
LIGHT SLEEPER,Light Sleeper,1.0,1.0,1992,1992,Paul Schrader,Paul Schrader,1.0,1.0,/movie/light-sleeper/
GODZILLA MINUS ONE,Godzilla Minus One,1.0,1.0,2023,2023,Takashi Yamazaki,Takashi Yamazaki,1.0,1.0,/movie/godzilla-minus-one/
FIRST REFORMED,First Reformed,1.0,1.0,2018,2017,Paul Schrader,Paul Schrader,1.0,1.0,/movie/first-reformed/
LATE SPRING,Late Spring (1949),0.76,0.816,1949,1949,Yasujiro Ozu,Yasujirô Ozu,0.92,0.5,/movie/late-spring-1949/
HIROSHIMA MON AMOUR,,,,1959,,Alain Resnais,,,,
I AM A COMEDIAN,Who We Are: A Chronicle of Racism in America,0.37,0.0,2022,2021,Fumiari Hyuga,"Emily Kunstler, Sarah Kunstler",0.28,0.0,/movie/who-we-are-a-chronicle-of-racism-in-america/
I AM A COMEDIAN,Joan Baez I Am A Noise,0.49,0.354,2022,2023,Fumiari Hyuga,"Miri Navasky, Maeve O'Boyle, Karen O'Connor",0.25,0.0,/movie/joan-baez-i-am-a-noise/
I AM A COMEDIAN,Poly Styrene: I Am a Cliché,0.43,0.354,2022,2021,Fumiari Hyuga,"Celeste Bell, Paul Sng",0.17,0.0,/movie/poly-styrene-i-am-a-cliche/
I AM A COMEDIAN,,,,2022,,Fumiari Hyuga,,,,
A STATE OF PASSION,,,,2024,,Muna Khalidi,,,,
THE MISSING PICTURE,The Missing Picture,1.0,1.0,2013,2013,Rithy Panh,Rithy Panh,1.0,1.0,/movie/the-missing-picture/
REVOLUTION UNTIL VICTORY AKA WE ARE THE PALESTINIAN PEOPLE,,,,1972,,,,,,
A FIDAI FILM,Made in England: The Films of Powell and Pressburger,0.28,0.0,2024,2024,Kamal Aljafari,David Hinton,0.23,0.0,/movie/made-in-england-the-films-of-powell-and-pressburger/
A FIDAI FILM,An Unfinished Film,0.67,0.408,2024,2024,Kamal Aljafari,Ye Lou,0.2,0.0,/movie/an-unfinished-film/
A FIDAI FILM,Renaissance: A Film by Beyoncé,0.38,0.354,2024,2023,Kamal Aljafari,"Beyoncé, Mark Ritchie, Ed Burke",0.22,0.0,/movie/renaissance-a-film-by-beyonce/
A FIDAI FILM,My First Film,0.64,0.408,2024,2024,Kamal Aljafari,Zia Anger,0.35,0.0,/movie/my-first-film/
A FIDAI FILM,Filmlovers!,0.35,0.0,2024,2024,Kamal Aljafari,Arnaud Desplechin,0.32,0.0,/movie/filmlovers!/
A FIDAI FILM,This Is a Film About the Black Keys,0.34,0.267,2024,2024,Kamal Aljafari,Jeff Dupre,0.25,0.0,/movie/this-is-a-film-about-the-black-keys/
A FIDAI FILM,Shawn Mendes: For Friends And Family Only (A Live Concert Film),0.32,0.224,2024,2024,Kamal Aljafari,"Connor Brashier, Anthony Wilson",0.18,0.0,/movie/shawn-mendes-for-friends-and-family-only-a-live-concert-film/
A FIDAI FILM,2025 Oscar Nominated Short Films: Animation,0.33,0.0,2024,2025,Kamal Aljafari,,,,/movie/2025-oscar-nominated-short-films-animation/
A FIDAI FILM,2025 Oscar Nominated Short Films: Live Action,0.32,0.0,2024,2025,Kamal Aljafari,,,,/movie/2025-oscar-nominated-short-films-live-action/
A FIDAI FILM,,,,2024,,Kamal Aljafari,,,,
YALLA PARKOUR,,,,2024,,Areeb Zuaiter,,,,
BONA,,,,1980,,Lino Brocka,,,,
BOWLING FOR COLUMBINE,Bowling for Columbine,1.0,1.0,2002,2002,Michael Moore,Michael Moore,1.0,1.0,/movie/bowling-for-columbine/
SPACES OF EXCEPTION,Spaceship Earth,0.53,0.0,2019,2020,Malek Rasamny,Matt Wolf,0.27,0.0,/movie/spaceship-earth/
SPACES OF EXCEPTION,,,,2019,,Malek Rasamny,,,,
THE IMPORTANCE OF BEING EARNEST,The Importance of Being Earnest,1.0,1.0,2025,2002,Max Webster,Oliver Parker,0.25,0.0,/movie/the-importance-of-being-earnest/
THE IMPORTANCE OF BEING EARNEST,The True Beauty of Being Bitten by a Tick,0.53,0.474,2025,2025,Max Webster,Pete Ohs,0.32,0.0,/movie/the-true-beauty-of-being-bitten-by-a-tick/
THE IMPORTANCE OF BEING EARNEST,,,,2025,,Max Webster,,,,
"JANIN, JENIN",,,,2024,,Mohammad Bakri,,,,
Art for Everybody,Art for Everybody,1.0,1.0,2025,2023,Miranda Yousef,Miranda Yousef,1.0,1.0,/movie/art-for-everybody/
The Friend,The Friend,1.0,1.0,2025,2024,"David Siegel, Scott McGehee","Scott McGehee, David Siegel",0.48,1.0,/movie/the-friend-2024/
Việt and Nam,Viet and Nam,0.92,0.667,2025,2024,Truong Minh Quy,Minh Quy Truong,0.53,1.0,/movie/viet-and-nam/
Dying for Sex,Dying,0.56,0.577,2025,2024,"Chris Teague, Shannon Murphy",Matthias Glasner,0.36,0.0,/movie/dying/
Dying for Sex,,,,2025,,"Chris Teague, Shannon Murphy",,,,
Secret Mall Apartment,Secret Mall Apartment,1.0,1.0,2025,2024,Jeremy Workman,Jeremy Workman,1.0,1.0,/movie/secret-mall-apartment/
Misericordia,Misericordia,1.0,1.0,2025,2024,Fernando de Miguel,Alain Guiraudie,0.36,0.0,/movie/misericordia/
Misericordia,,,,2025,,Fernando de Miguel,,,,
Good American Family,,,,2025,,Liz Garbus,,,,
Black Bag,Black Bag,1.0,1.0,2025,2025,Steven Soderbergh,Steven Soderbergh,1.0,1.0,/movie/black-bag/
Adolescence,,,,2025,,Philip Barantini,,,,
Control Freak,Control Freak,1.0,1.0,2025,2025,Shal Ngo,Shal Ngo,1.0,1.0,/movie/control-freak/
On Becoming a Guinea Fowl,On Becoming a Guinea Fowl,1.0,1.0,2025,2024,Rungano Nyoni,Rungano Nyoni,1.0,1.0,/movie/on-becoming-a-guinea-fowl/
My Dead Friend Zoe,My Dead Friend Zoe,1.0,1.0,2025,2024,Kyle Hausmann-Stokes,Kyle Hausmann-Stokes,1.0,1.0,/movie/my-dead-friend-zoe/
Superboys of Malegaon,Superboys of Malegaon,1.0,1.0,2025,2024,Reema Kagti,Reema Kagti,1.0,1.0,/movie/superboys-of-malegaon/
Art Spiegelman: Disaster Is My Muse,Art Spiegelman: Disaster Is My Muse,1.0,1.0,2025,2024,"Molly Bernstein, Philip Dolin","Molly Bernstein, Philip Dolin",1.0,1.0,/movie/art-spiegelman-disaster-is-my-muse/
Compensation,Compensation,1.0,1.0,2025,1999,Zeinabu irene Davis,Zeinabu irene Davis,1.0,1.0,/movie/compensation/
Universal Language,Universal Language,1.0,1.0,2025,2024,Matthew Rankin,Matthew Rankin,1.0,1.0,/movie/universal-language/
The Annihilation of Fish,The Annihilation of Fish,1.0,1.0,2025,1999,Charles Burnett,Charles Burnett,1.0,1.0,/movie/the-annihilation-of-fish/
Becoming Led Zeppelin,Becoming Led Zeppelin,1.0,1.0,2025,2025,Bernard MacMahon,Bernard MacMahon,1.0,1.0,/movie/becoming-led-zeppelin/
Heart Eyes,Heart Eyes,1.0,1.0,2025,2025,Josh Ruben,Josh Ruben,1.0,1.0,/movie/heart-eyes/
Time Passages,Time Passages,1.0,1.0,2025,2024,Kyle Henry,Kyle Henry,1.0,1.0,/movie/time-passages/
EEPHUS,Eephus,1.0,1.0,2024,2024,Carson Lund,Carson Lund,1.0,1.0,/movie/eephus/
NOT IF I SEE YOU FIRST,If I Had Legs I'd Kick You,0.42,0.4,2025,2025,Aaron Wertheimer,Mary Bronstein,0.47,0.0,/movie/if-i-had-legs-id-kick-you/
NOT IF I SEE YOU FIRST,,,,2025,,Aaron Wertheimer,,,,
BOB TREVINO LIKES IT,Bob Trevino Likes It,1.0,1.0,2024,2024,Tracie Laymon,Tracie Laymon,1.0,1.0,/movie/bob-trevino-likes-it/
THEY CALL HER DEATH,They're Here,0.58,0.289,2024,2024,Austin Snell,"Daniel Claridge, Pacho Velez",0.25,0.0,/movie/theyre-here/
THEY CALL HER DEATH,,,,2024,,Austin Snell,,,,
FEMALE TROUBLE,Female Trouble (re-release),0.68,0.707,1974,1974,John Waters,John Waters,1.0,1.0,/movie/female-trouble/
BRIGHT STAR,Bright Star,1.0,1.0,2007,2009,Jane Campion,Jane Campion,1.0,1.0,/movie/bright-star/
THE ROOM,The Room,1.0,1.0,2003,2003,Tommy Wiseau,Tommy Wiseau,1.0,1.0,/movie/the-room/
THE IRON GIANT,The Iron Giant,1.0,1.0,1999,1999,Brad Bird,Brad Bird,1.0,1.0,/movie/the-iron-giant/
ART SPIEGELMAN: DISASTER IS MY MUSE,Art Spiegelman: Disaster Is My Muse,1.0,1.0,2024,2024,"Molly Bernstein, Philip Dolin","Molly Bernstein, Philip Dolin",1.0,1.0,/movie/art-spiegelman-disaster-is-my-muse/
JOINT SECURITY AREA,J.S.A.: Joint Security Area,0.83,1.0,2000,2000,Park Chan-wook,Park Chan-wook,1.0,1.0,/movie/jsa-joint-security-area/
STACEY AND MICHAEL'S SHOWCASE OF SHORTS IX,,,,2025,,,,,,
SOUND OF SILENT FILM FESTIVAL 2025,2025 Oscar Nominated Short Films: Animation,0.39,0.167,2025,2025,,,,,/movie/2025-oscar-nominated-short-films-animation/
SOUND OF SILENT FILM FESTIVAL 2025,2025 Oscar Nominated Short Films: Live Action,0.41,0.154,2025,2025,,,,,/movie/2025-oscar-nominated-short-films-live-action/
SOUND OF SILENT FILM FESTIVAL 2025,2025 Oscar Nominated Short Films: Documentary,0.41,0.167,2025,2025,,,,,/movie/2025-oscar-nominated-short-films-documentary/
SOUND OF SILENT FILM FESTIVAL 2025,Made in England: The Films of Powell and Pressburger,0.37,0.136,2025,2024,,,,,/movie/made-in-england-the-films-of-powell-and-pressburger/
SOUND OF SILENT FILM FESTIVAL 2025,Sound of Hope: The Story of Possum Trot,0.44,0.387,2025,2024,,,,,/movie/sound-of-hope-the-story-of-possum-trot/
SOUND OF SILENT FILM FESTIVAL 2025,,,,2025,,,,,,
THE BALLAD OF WALLIS ISLAND,The Ballad of Wallis Island,1.0,1.0,2025,2025,James Griffiths,James Griffiths,1.0,1.0,/movie/the-ballad-of-wallis-island/
BELLY,Belly,1.0,1.0,1998,1998,Hype Williams,Hype Williams,1.0,1.0,/movie/belly/
GREASE,Grease,1.0,1.0,1978,1978,Randal Kleiser,Randal Kleiser,1.0,1.0,/movie/grease/
OUT OF SIGHT,Out of Sight,1.0,1.0,1998,1998,Steven Soderbergh,Steven Soderbergh,1.0,1.0,/movie/out-of-sight/
ACOUSTIC OPEN MIC NIGHT,,,,1998,,,,,,
THE CABINET OF DR. CALIGARI: A SCREENING WITH LIVE SCORE,,,,1920,,Robert Wiene,,,,
GREASE SING-A-LONG,Grease,0.5,0.577,1978,1978,Randal Kleiser,Randal Kleiser,1.0,1.0,/movie/grease/
GREASE SING-A-LONG,Greased Lightning,0.63,0.0,1978,1977,Randal Kleiser,Michael Schultz,0.28,0.0,/movie/greased-lightning/
GREASE SING-A-LONG,,,,1978,,Randal Kleiser,,,,
ERASERHEAD,Eraserhead,1.0,1.0,1977,1977,David Lynch,David Lynch,1.0,1.0,/movie/eraserhead/
LOST HIGHWAY,Lost Highway,1.0,1.0,1997,1997,David Lynch,David Lynch,1.0,1.0,/movie/lost-highway/
THE ELEPHANT MAN,The Elephant Man,1.0,1.0,1980,1980,David Lynch,David Lynch,1.0,1.0,/movie/the-elephant-man/
THE STRAIGHT STORY,The Straight Story,1.0,1.0,1999,1999,David Lynch,David Lynch,1.0,1.0,/movie/the-straight-story/
LYNCH/OZ,Lynch/Oz,1.0,1.0,2022,2022,Alexandre O. Philippe,Alexandre O. Philippe,1.0,1.0,/movie/lynchoz/
THE WIZARD OF OZ,The Wizard of Oz,1.0,1.0,1939,1939,"Victor Fleming, King Vidor","Victor Fleming, King Vidor",1.0,1.0,/movie/the-wizard-of-oz-re-release/
WILD AT HEART,Wild at Heart,1.0,1.0,1990,1990,David Lynch,David Lynch,1.0,1.0,/movie/wild-at-heart/
THE HIDDEN,The Hidden,1.0,1.0,1987,1987,Jack Sholder,Jack Sholder,1.0,1.0,/movie/the-hidden/
THE DRAGON PAINTER,,,,1919,,William Worthington,,,,
BLUE VELVET,Blue Velvet,1.0,1.0,1986,1986,David Lynch,David Lynch,1.0,1.0,/movie/blue-velvet/
STORYVILLE,,,,1992,,Mark Frost,,,,
1-800-ON-HER-OWN,,,,2024,,Dana Flor,,,,
"MEDITATION, CREATIVITY, PEACE",Plot for Peace,0.42,0.333,2012,2013,David Lynch,"Carlos Agulló, Mandy Jacobson",0.25,0.0,/movie/plot-for-peace/
"MEDITATION, CREATIVITY, PEACE",,,,2012,,David Lynch,,,,
MULHOLLAND DRIVE,Mulholland Dr.,0.87,0.5,2001,2001,David Lynch,David Lynch,1.0,1.0,/movie/mulholland-dr/
I DON'T KNOW JACK,,,,2002,,Chris Leavens,,,,
DUNE,Dune,1.0,1.0,1984,1984,David Lynch,David Lynch,1.0,1.0,/movie/dune/
BLUE VELVET REVISITED,Blue Velvet Revisited,1.0,1.0,2016,2016,Peter Braatz,Peter Braatz,1.0,1.0,/movie/blue-velvet-revisited/
FROM THE HEAD,Bullet to the Head,0.65,0.577,2011,2012,George Griffith,Walter Hill,0.31,0.0,/movie/bullet-to-the-head/
FROM THE HEAD,,,,2011,,George Griffith,,,,
RED ROCK WEST,Red Rock West,1.0,1.0,1993,1993,John Dahl,John Dahl,1.0,1.0,/movie/red-rock-west/
TWIN PEAKS: FIRE WALK WITH ME,Twin Peaks: Fire Walk with Me,1.0,1.0,1992,1992,David Lynch,David Lynch,1.0,1.0,/movie/twin-peaks-fire-walk-with-me/
DAVID LYNCH: THE ART LIFE,David Lynch: The Art Life,1.0,1.0,2016,2016,"Jon Nguyen, Rick Barnes","Rick Barnes, Olivia Neergaard-Holm, Jon Nguyen",0.32,0.756,/movie/david-lynch-the-art-life/
DAVID LYNCH: THE ART LIFE,David Brent: Life on the Road,0.52,0.548,2016,2016,"Jon Nguyen, Rick Barnes",Ricky Gervais,0.39,0.0,/movie/david-brent-life-on-the-road/
DAVID LYNCH: THE ART LIFE,The Happiest Day in the Life of Olli Mäki,0.42,0.405,2016,2016,"Jon Nguyen, Rick Barnes",Juho Kuosmanen,0.38,0.0,/movie/the-happiest-day-in-the-life-of-olli-maki/
DAVID LYNCH: THE ART LIFE,The Secret Life of Pets,0.46,0.4,2016,2016,"Jon Nguyen, Rick Barnes",Chris Renaud,0.29,0.0,/movie/the-secret-life-of-pets/
SUNSET BOULEVARD,Sunset Boulevard,1.0,1.0,1950,1950,Billy Wilder,Billy Wilder,1.0,1.0,/movie/sunset-boulevard/
ON THE AIR EPISODES 1 & 7,,,,1992,,"Mark Frost, David Lynch",,,,
RIVER'S EDGE,River's Edge,1.0,1.0,1986,1986,Tim Hunter,Tim Hunter,1.0,1.0,/movie/rivers-edge/
INLAND EMPIRE,Inland Empire,1.0,1.0,2006,2006,David Lynch,David Lynch,1.0,1.0,/movie/inland-empire/
"RABBITS, LYNCH (ONE) & MORE THINGS THAT HAPPENED",,,,2007,,Jason Scheunemann,,,,
HARAKIRI,Harakiri,1.0,1.0,1962,1962,Masaki Kobayashi,Masaki Kobayashi,1.0,1.0,/movie/harakiri/
SECRET MALL APARTMENT,Secret Mall Apartment,1.0,1.0,2024,2024,Jeremy Workman,Jeremy Workman,1.0,1.0,/movie/secret-mall-apartment/
MADONNA: TRUTH OR DARE,Madonna: Truth or Dare,1.0,1.0,1991,1991,Alek Keshishian,Alek Keshishian,1.0,1.0,/movie/madonna-truth-or-dare/
THE PEE PEE POO POO MAN,Winnie-the-Pooh: Blood and Honey,0.44,0.129,2024,2023,Braden Sitter,Rhys Frake-Waterfield,0.35,0.0,/movie/winnie-the-pooh-blood-and-honey/
THE PEE PEE POO POO MAN,Infinity Pool,0.28,0.0,2024,2023,Braden Sitter,Brandon Cronenberg,0.52,0.0,/movie/infinity-pool/
THE PEE PEE POO POO MAN,Winnie-the-Pooh: Blood and Honey 2,0.42,0.129,2024,2024,Braden Sitter,Rhys Frake-Waterfield,0.35,0.0,/movie/winnie-the-pooh-blood-and-honey-2/
THE PEE PEE POO POO MAN,The Girl in the Pool,0.47,0.239,2024,2024,Braden Sitter,Dakota Gorman,0.23,0.0,/movie/the-girl-in-the-pool/
THE PEE PEE POO POO MAN,,,,2024,,Braden Sitter,,,,
NIGHT SCHOOL,Night School,1.0,1.0,2025,2016,,,,,/movie/night-school/
NIGHT SCHOOL,Night School,1.0,1.0,2025,2018,,,,,/movie/night-school-2018/
NIGHT SCHOOL,,,,2025,,,,,,
THE SHROUDS,The Shrouds,1.0,1.0,2024,2024,David Cronenberg,David Cronenberg,1.0,1.0,/movie/the-shrouds/
ISHTAR,Ishtar,1.0,1.0,1987,1987,Elaine May,Elaine May,1.0,1.0,/movie/ishtar/
INHERENT VICE,Inherent Vice,1.0,1.0,2014,2014,Paul Thomas Anderson,Paul Thomas Anderson,1.0,1.0,/movie/inherent-vice/
BLOW OUT,Blow Out,1.0,1.0,1981,1981,Brian De Palma,Brian De Palma,1.0,1.0,/movie/blow-out/
ROCKY HORROR PICTURE SHOW,The Rocky Horror Picture Show,0.93,0.894,1975,1975,Jim Sharman,Jim Sharman,1.0,1.0,/movie/the-rocky-horror-picture-show/
ROCKY HORROR PICTURE SHOW,Rocky,0.33,0.5,1975,1976,Jim Sharman,John G. Avildsen,0.3,0.0,/movie/rocky/
COOLEY HIGH,Cooley High,1.0,1.0,1975,1975,Michael Schultz,Michael Schultz,1.0,1.0,/movie/cooley-high/
MAGIC FARM,Magic Farm,1.0,1.0,2025,2025,Amalia Ulman,Amalia Ulman,1.0,1.0,/movie/magic-farm/
DAISIES,Daisies (1966),0.67,0.707,1966,1966,Vera Chytilová,Vera Chytilová,1.0,1.0,/movie/daisies-1966/
If Beale Street Could Talk,If Beale Street Could Talk,1.0,1.0,2018,2018,Barry Jenkins,Barry Jenkins,1.0,1.0,/movie/if-beale-street-could-talk/
Mad Max: Fury Road,Mad Max: Fury Road,1.0,1.0,2015,2015,George Miller,George Miller,1.0,1.0,/movie/mad-max-fury-road/
Babygirl,Babygirl,1.0,1.0,2024,2024,Halina Reijn,Halina Reijn,1.0,1.0,/movie/babygirl-2024/
Inside the Yellow Cocoon Shell,Inside the Yellow Cocoon Shell,1.0,1.0,2023,2023,Thien An Pham,Thien An Pham,1.0,1.0,/movie/inside-the-yellow-cocoon-shell/
Nosferatu,Nosferatu,1.0,1.0,2024,2024,Robert Eggers,Robert Eggers,1.0,1.0,/movie/nosferatu-2024/
The Seed of the Sacred Fig,The Seed of the Sacred Fig,1.0,1.0,2024,2024,Mohammad Rasoulof,Mohammad Rasoulof,1.0,1.0,/movie/the-seed-of-the-sacred-fig/
Saltburn,Saltburn,1.0,1.0,2023,2023,Emerald Fennell,Emerald Fennell,1.0,1.0,/movie/saltburn/
Spider-Man: Into the Spider-Verse,Spider-Man: Into the Spider-Verse,1.0,1.0,2018,2018,"Bob Persichetti, Peter Ramsey, Rodney Rothman","Bob Persichetti, Peter Ramsey, Rodney Rothman",1.0,1.0,/movie/spider-man-into-the-spider-verse/
Adaptation,Adaptation.,0.95,1.0,2002,2002,Spike Jonze,Spike Jonze,1.0,1.0,/movie/adaptation/
The Mighty Ducks,The Mighty Ducks,1.0,1.0,1992,1992,Stephen Herek,Stephen Herek,1.0,1.0,/movie/the-mighty-ducks/
The Next Karate Kid,The Next Karate Kid,1.0,1.0,1994,1994,Christopher Cain,Christopher Cain,1.0,1.0,/movie/the-next-karate-kid/
Harry and the Hendersons,Harry and the Hendersons,1.0,1.0,1987,1987,William Dear,William Dear,1.0,1.0,/movie/harry-and-the-hendersons/
Kindergarten Cop,Kindergarten Cop,1.0,1.0,1990,1990,Ivan Reitman,Ivan Reitman,1.0,1.0,/movie/kindergarten-cop/
Air Bud,,,,1997,,Charles Martin Smith,,,,
The Addams Family,The Addams Family,1.0,1.0,1991,2019,Barry Sonnenfeld,"Greg Tiernan, Conrad Vernon",0.33,0.0,/movie/the-addams-family-2019/
The Addams Family,The Addams Family,1.0,1.0,1991,1991,Barry Sonnenfeld,Barry Sonnenfeld,1.0,1.0,/movie/the-addams-family/
The Santa Clause,The Santa Clause,1.0,1.0,1994,1994,John Pasquin,John Pasquin,1.0,1.0,/movie/the-santa-clause/
Father of the Bride,Father of the Bride,1.0,1.0,1991,2022,Charles Shyer,Gary Alazraki,0.31,0.0,/movie/father-of-the-bride-2022/
Father of the Bride,Father of the Bride,1.0,1.0,1991,1950,Charles Shyer,Vincente Minnelli,0.27,0.0,/movie/father-of-the-bride-1950/
Father of the Bride,Father of the Bride,1.0,1.0,1991,1991,Charles Shyer,Charles Shyer,1.0,1.0,/movie/father-of-the-bride/
Terms of Endearment,Terms of Endearment,1.0,1.0,1983,1983,James L. Brooks,James L. Brooks,1.0,1.0,/movie/terms-of-endearment/
Spanglish,Spanglish,1.0,1.0,2004,2004,James L. Brooks,James L. Brooks,1.0,1.0,/movie/spanglish/
Ghost,Ghost,1.0,1.0,1990,1990,Jerry Zucker,Jerry Zucker,1.0,1.0,/movie/ghost/
La Chimera,La Chimera,1.0,1.0,2023,2023,Alice Rohrwacher,Alice Rohrwacher,1.0,1.0,/movie/la-chimera/
Eyes Wide Shut,Eyes Wide Shut,1.0,1.0,1999,1999,Stanley Kubrick,Stanley Kubrick,1.0,1.0,/movie/eyes-wide-shut/
Janet Planet,Janet Planet,1.0,1.0,2023,2023,Annie Baker,Annie Baker,1.0,1.0,/movie/janet-planet/
Small Things Like These,Small Things Like These,1.0,1.0,2024,2024,Tim Mielants,Tim Mielants,1.0,1.0,/movie/small-things-like-these/
The Beast,The Beast,1.0,1.0,2023,2023,Bertrand Bonello,Bertrand Bonello,1.0,1.0,/movie/the-beast-2023/
Conclave,Conclave,1.0,1.0,2024,2024,Edward Berger,Edward Berger,1.0,1.0,/movie/conclave/
Tangerine,Tangerine,1.0,1.0,2015,2015,Sean Baker,Sean Baker,1.0,1.0,/movie/tangerine/
La Cocina,La Cocina,1.0,1.0,2024,2024,Alonso Ruizpalacios,Alonso Ruizpalacios,1.0,1.0,/movie/la-cocina/
Bird,Bird,1.0,1.0,2024,2024,Andrea Arnold,Andrea Arnold,1.0,1.0,/movie/bird-2024/
Fish Tank,Fish Tank,1.0,1.0,2009,2009,Andrea Arnold,Andrea Arnold,1.0,1.0,/movie/fish-tank/
Do Not Expect Too Much from the End of the World,Do Not Expect Too Much From the End of the World,1.0,1.0,2023,2023,Radu Jude,Radu Jude,1.0,1.0,/movie/do-not-expect-too-much-from-the-end-of-the-world/
"Paris, Texas","Paris, Texas",1.0,1.0,1984,1984,Wim Wenders,Wim Wenders,1.0,1.0,/movie/paris-texas/
His Three Daughters,His Three Daughters,1.0,1.0,2023,2023,Azazel Jacobs,Azazel Jacobs,1.0,1.0,/movie/his-three-daughters/
Only the River Flows,Only the River Flows,1.0,1.0,2023,2023,Wei Shujun,Wei Shujun,1.0,1.0,/movie/only-the-river-flows/
Good One,Good One,1.0,1.0,2024,2024,India Donaldson,India Donaldson,1.0,1.0,/movie/good-one/
Sing Sing,Sing Sing,1.0,1.0,2023,2023,Greg Kwedar,Greg Kwedar,1.0,1.0,/movie/sing-sing/
Challengers,Challengers,1.0,1.0,2024,2024,Luca Guadagnino,Luca Guadagnino,1.0,1.0,/movie/challengers/
On the Count of Three,On the Count of Three,1.0,1.0,2021,2021,Jerrod Carmichael,Jerrod Carmichael,1.0,1.0,/movie/on-the-count-of-three/
The Piano,The Piano,1.0,1.0,1993,1993,Jane Campion,Jane Campion,1.0,1.0,/movie/the-piano/
Petite Maman,Petite Maman,1.0,1.0,2021,2021,Céline Sciamma,Céline Sciamma,1.0,1.0,/movie/petite-maman/
Asteroid City,Asteroid City,1.0,1.0,2023,2023,Wes Anderson,Wes Anderson,1.0,1.0,/movie/asteroid-city/
Happening,Happening,1.0,1.0,2021,2021,Audrey Diwan,Audrey Diwan,1.0,1.0,/movie/happening/
Goodfellas,Goodfellas,1.0,1.0,1990,1990,Martin Scorsese,Martin Scorsese,1.0,1.0,/movie/goodfellas/
All Dirt Roads Taste of Salt,All Dirt Roads Taste of Salt,1.0,1.0,2023,2023,Raven Jackson,Raven Jackson,1.0,1.0,/movie/all-dirt-roads-taste-of-salt/
Morvern Callar,Morvern Callar,1.0,1.0,2002,2002,Lynne Ramsay,Lynne Ramsay,1.0,1.0,/movie/morvern-callar/
The Wonderful Story of Henry Sugar,The Wonderful Story of Henry Sugar,1.0,1.0,2023,2023,Wes Anderson,Wes Anderson,1.0,1.0,/movie/the-wonderful-story-of-henry-sugar/
Frances Ha,Frances Ha,1.0,1.0,2012,2012,Noah Baumbach,Noah Baumbach,1.0,1.0,/movie/frances-ha/
Love Lies Bleeding,Love Lies Bleeding,1.0,1.0,2024,2024,Rose Glass,Rose Glass,1.0,1.0,/movie/love-lies-bleeding/
Monica,Monica,1.0,1.0,2022,2022,Andrea Pallaoro,Andrea Pallaoro,1.0,1.0,/movie/monica/
The Zone of Interest,The Zone of Interest,1.0,1.0,2023,2023,Jonathan Glazer,Jonathan Glazer,1.0,1.0,/movie/the-zone-of-interest/
Society of the Snow,Society of the Snow,1.0,1.0,2023,2023,J.A. Bayona,J.A. Bayona,1.0,1.0,/movie/society-of-the-snow/
The Teachers' Lounge,The Teachers' Lounge,1.0,1.0,2023,2023,Ilker Çatak,Ilker Çatak,1.0,1.0,/movie/the-teachers-lounge/
All of Us Strangers,All of Us Strangers,1.0,1.0,2023,2023,Andrew Haigh,Andrew Haigh,1.0,1.0,/movie/all-of-us-strangers/
Casablanca,Casablanca,1.0,1.0,1942,1942,Michael Curtiz,Michael Curtiz,1.0,1.0,/movie/casablanca/
May December,May December,1.0,1.0,2023,2023,Todd Haynes,Todd Haynes,1.0,1.0,/movie/may-december/
Anatomy of a Fall,Anatomy of a Fall,1.0,1.0,2023,2023,Justine Triet,Justine Triet,1.0,1.0,/movie/anatomy-of-a-fall/
Master Gardener,Master Gardener,1.0,1.0,2022,2022,Paul Schrader,Paul Schrader,1.0,1.0,/movie/master-gardener/
The Artifice Girl,The Artifice Girl,1.0,1.0,2022,2022,Franklin Ritch,Franklin Ritch,1.0,1.0,/movie/the-artifice-girl/
Aftersun,Aftersun,1.0,1.0,2022,2022,Charlotte Wells,Charlotte Wells,1.0,1.0,/movie/aftersun/
Rodeo,Rodeo,1.0,1.0,2022,2022,Lola Quivoron,Lola Quivoron,1.0,1.0,/movie/rodeo/
Earth Mama,Earth Mama,1.0,1.0,2023,2023,Savanah Leaf,Savanah Leaf,1.0,1.0,/movie/earth-mama/
Showing Up,Showing Up,1.0,1.0,2022,2022,Kelly Reichardt,Kelly Reichardt,1.0,1.0,/movie/showing-up/
Oppenheimer,Oppenheimer,1.0,1.0,2023,2023,Christopher Nolan,Christopher Nolan,1.0,1.0,/movie/oppenheimer/
The Lighthouse,The Lighthouse,1.0,1.0,2019,2019,Robert Eggers,Robert Eggers,1.0,1.0,/movie/the-lighthouse-2019/
TÃ¡r,TÁR,0.57,0.0,2022,2022,Todd Field,Todd Field,1.0,1.0,/movie/tar-2022/
TÃ¡r,Hotel Transylvania: Transformania,0.11,0.0,2022,2022,Todd Field,"Derek Drymon, Jennifer Kluska",0.31,0.0,/movie/hotel-transylvania-transformania/
The Banshees of Inisherin,The Banshees of Inisherin,1.0,1.0,2022,2022,Martin McDonagh,Martin McDonagh,1.0,1.0,/movie/the-banshees-of-inisherin/
Thoroughbreds,Thoroughbreds,1.0,1.0,2017,2017,Cory Finley,Cory Finley,1.0,1.0,/movie/thoroughbreds/
Azor,Azor,1.0,1.0,2021,2021,Andreas Fontana,Andreas Fontana,1.0,1.0,/movie/azor/
Short Term 12,Short Term 12,1.0,1.0,2013,2013,Destin Daniel Cretton,Destin Daniel Cretton,1.0,1.0,/movie/short-term-12/
Moonlight,Moonlight,1.0,1.0,2016,2016,Barry Jenkins,Barry Jenkins,1.0,1.0,/movie/moonlight-2016/
Parasite,Parasite,1.0,1.0,2019,2019,Bong Joon Ho,Bong Joon Ho,1.0,1.0,/movie/parasite/
Sound of Metal,Sound of Metal,1.0,1.0,2019,2019,Darius Marder,Darius Marder,1.0,1.0,/movie/sound-of-metal/
Nomadland,Nomadland,1.0,1.0,2020,2020,Chloé Zhao,Chloé Zhao,1.0,1.0,/movie/nomadland/
The Card Counter,The Card Counter,1.0,1.0,2021,2021,Paul Schrader,Paul Schrader,1.0,1.0,/movie/the-card-counter/
Raw,Raw,1.0,1.0,2016,2016,Julia Ducournau,Julia Ducournau,1.0,1.0,/movie/raw/
Titane,Titane,1.0,1.0,2021,2021,Julia Ducournau,Julia Ducournau,1.0,1.0,/movie/titane/
The Power of the Dog,The Power of the Dog,1.0,1.0,2021,2021,Jane Campion,Jane Campion,1.0,1.0,/movie/the-power-of-the-dog/
In the Cut,In the Cut,1.0,1.0,2003,2003,Jane Campion,Jane Campion,1.0,1.0,/movie/in-the-cut/
Sweetie,Sweetie,1.0,1.0,1989,1989,Jane Campion,Jane Campion,1.0,1.0,/movie/sweetie/
BlackBerry,BlackBerry,1.0,1.0,2023,2023,Matt Johnson,Matt Johnson,1.0,1.0,/movie/blackberry/
A Real Pain,A Real Pain,1.0,1.0,2024,2024,Jesse Eisenberg,Jesse Eisenberg,1.0,1.0,/movie/a-real-pain/
The People's Joker,The People's Joker,1.0,1.0,2022,2022,Vera Drew,Vera Drew,1.0,1.0,/movie/the-peoples-joker/
Anora,Anora,1.0,1.0,2024,2024,Sean Baker,Sean Baker,1.0,1.0,/movie/anora/
Thelma,Thelma,1.0,1.0,2024,2024,Josh Margolin,Josh Margolin,1.0,1.0,/movie/thelma-2024/
Hit Man,Hit Man,1.0,1.0,2023,2023,Richard Linklater,Richard Linklater,1.0,1.0,/movie/hit-man/
Hundreds of Beavers,Hundreds of Beavers,1.0,1.0,2022,2022,Mike Cheslik,Mike Cheslik,1.0,1.0,/movie/hundreds-of-beavers/
Polite Society,Polite Society,1.0,1.0,2023,2023,Nida Manzoor,Nida Manzoor,1.0,1.0,/movie/polite-society/
Jackass Forever,Jackass Forever,1.0,1.0,2022,2022,Jeff Tremaine,Jeff Tremaine,1.0,1.0,/movie/jackass-forever/
They Cloned Tyrone,They Cloned Tyrone,1.0,1.0,2023,2023,Juel Taylor,Juel Taylor,1.0,1.0,/movie/they-cloned-tyrone/
Outlaw Johnny Black,Outlaw Johnny Black,1.0,1.0,2023,2023,Michael Jai White,Michael Jai White,1.0,1.0,/movie/outlaw-johnny-black/
The Unbearable Weight of Massive Talent,The Unbearable Weight of Massive Talent,1.0,1.0,2022,2022,Tom Gormican,Tom Gormican,1.0,1.0,/movie/the-unbearable-weight-of-massive-talent/
No Hard Feelings,No Hard Feelings,1.0,1.0,2023,2023,Gene Stupnitsky,Gene Stupnitsky,1.0,1.0,/movie/no-hard-feelings/
El Conde,El Conde,1.0,1.0,2023,2023,Pablo Larraín,Pablo Larraín,1.0,1.0,/movie/el-conde/
Drive-Away Dolls,Drive-Away Dolls,1.0,1.0,2024,2024,Ethan Coen,Ethan Coen,1.0,1.0,/movie/drive-away-dolls/
Barbie,Barbie,1.0,1.0,2023,2023,Greta Gerwig,Greta Gerwig,1.0,1.0,/movie/barbie/
American Fiction,American Fiction,1.0,1.0,2023,2023,Cord Jefferson,Cord Jefferson,1.0,1.0,/movie/american-fiction/
Sanctuary,Sanctuary,1.0,1.0,2022,2022,Zachary Wigon,Zachary Wigon,1.0,1.0,/movie/sanctuary/
Werewolves Within,Werewolves Within,1.0,1.0,2021,2021,Josh Ruben,Josh Ruben,1.0,1.0,/movie/werewolves-within/
The Holdovers,The Holdovers,1.0,1.0,2023,2023,Alexander Payne,Alexander Payne,1.0,1.0,/movie/the-holdovers/
7 Days,7 Days,1.0,1.0,2021,2021,Roshan Sethi,Roshan Sethi,1.0,1.0,/movie/7-days/
Shiva Baby,Shiva Baby,1.0,1.0,2020,2020,Emma Seligman,Emma Seligman,1.0,1.0,/movie/shiva-baby/
Bottoms,Bottoms,1.0,1.0,2023,2023,Emma Seligman,Emma Seligman,1.0,1.0,/movie/bottoms/
Joy Ride,Joy Ride,1.0,1.0,2023,2001,Adele Lim,John Dahl,0.22,0.0,/movie/joy-ride/
Joy Ride,Joy Ride,1.0,1.0,2023,2023,Adele Lim,Adele Lim,1.0,1.0,/movie/joy-ride-2023/
"Confess, Fletch","Confess, Fletch",1.0,1.0,2022,2022,Greg Mottola,Greg Mottola,1.0,1.0,/movie/confess-fletch/
Inspector Ike,Inspector Ike,1.0,1.0,2020,2020,Graham Mason,Graham Mason,1.0,1.0,/movie/inspector-ike/
Licorice Pizza,Licorice Pizza,1.0,1.0,2021,2021,Paul Thomas Anderson,Paul Thomas Anderson,1.0,1.0,/movie/licorice-pizza/
Dinner in America,Dinner in America,1.0,1.0,2020,2020,Adam Rehmeier,Adam Rehmeier,1.0,1.0,/movie/dinner-in-america/
Brian and Charles,Brian and Charles,1.0,1.0,2022,2022,Jim Archer,Jim Archer,1.0,1.0,/movie/brian-and-charles/
Borat Subsequent Moviefilm,Borat Subsequent Moviefilm,1.0,1.0,2020,2020,Jason Woliner,Jason Woliner,1.0,1.0,/movie/borat-subsequent-moviefilm-delivery-of-prodigious-bribe-to-american-regime-for-make-benefit-once-glo/
Nate - A One Man Show,Birds of Prey (And the Fantabulous Emancipation of One Harley Quinn),0.29,0.139,2020,2020,Phil Burgers,Cathy Yan,0.19,0.0,/movie/birds-of-prey-and-the-fantabulous-emancipation-of-one-harley-quinn/
Nate - A One Man Show,,,,2020,,Phil Burgers,,,,
The Nature of Love,The Nature of Love,1.0,1.0,2023,2023,Monia Chokri,Monia Chokri,1.0,1.0,/movie/the-nature-of-love/
Molli and Max in the Future,Molli and Max in the Future,1.0,1.0,2023,2023,Michael Lukk Litwak,Michael Lukk Litwak,1.0,1.0,/movie/molli-and-max-in-the-future/
Before Sunset,Before Sunset,1.0,1.0,2004,2004,Richard Linklater,Richard Linklater,1.0,1.0,/movie/before-sunset/
Fallen Leaves,Fallen Leaves,1.0,1.0,2023,2023,Aki Kaurismäki,Aki Kaurismäki,1.0,1.0,/movie/fallen-leaves/
Portrait of a Lady on Fire,Portrait of a Lady on Fire,1.0,1.0,2019,2019,Céline Sciamma,Céline Sciamma,1.0,1.0,/movie/portrait-of-a-lady-on-fire/
Before Sunrise,Before Sunrise,1.0,1.0,1995,1995,Richard Linklater,Richard Linklater,1.0,1.0,/movie/before-sunrise/
Rye Lane,Rye Lane,1.0,1.0,2023,2023,Raine Allen-Miller,Raine Allen-Miller,1.0,1.0,/movie/rye-lane/
Past Lives,Past Lives,1.0,1.0,2023,2023,Celine Song,Celine Song,1.0,1.0,/movie/past-lives/
You Hurt My Feelings,You Hurt My Feelings,1.0,1.0,2023,2023,Nicole Holofcener,Nicole Holofcener,1.0,1.0,/movie/you-hurt-my-feelings-2023/
Crazy Rich Asians,Crazy Rich Asians,1.0,1.0,2018,2018,Jon M. Chu,Jon M. Chu,1.0,1.0,/movie/crazy-rich-asians/
Pride & Prejudice,Pride & Prejudice,1.0,1.0,2005,2005,Joe Wright,Joe Wright,1.0,1.0,/movie/pride-prejudice/
Decision to Leave,Decision to Leave,1.0,1.0,2022,2022,Park Chan-wook,Park Chan-wook,1.0,1.0,/movie/decision-to-leave/
Drive My Car,Drive My Car,1.0,1.0,2021,2021,Ryûsuke Hamaguchi,Ryûsuke Hamaguchi,1.0,1.0,/movie/drive-my-car/
The Worst Person in the World,The Worst Person in the World,1.0,1.0,2021,2021,Joachim Trier,Joachim Trier,1.0,1.0,/movie/the-worst-person-in-the-world/
Your Name,Your Name.,0.95,1.0,2017,2016,Luca Guadagnino,Makoto Shinkai,0.28,0.0,/movie/your-name/
Your Name,Call Me by Your Name,0.62,0.632,2017,2017,Luca Guadagnino,Luca Guadagnino,1.0,1.0,/movie/call-me-by-your-name/
Your Name,Yourself and Yours,0.44,0.0,2017,2016,Luca Guadagnino,Hong Sang-soo,0.29,0.0,/movie/yourself-and-yours/
Your Name,I Am Not Your Negro,0.5,0.354,2017,2016,Luca Guadagnino,Raoul Peck,0.16,0.0,/movie/i-am-not-your-negro/
Palm Springs,Palm Springs,1.0,1.0,2020,2020,Max Barbakow,Max Barbakow,1.0,1.0,/movie/palm-springs/
Gremlins,Gremlins,1.0,1.0,1984,1984,Joe Dante,Joe Dante,1.0,1.0,/movie/gremlins/
Mad God,Mad God,1.0,1.0,2021,2021,Phil Tippett,Phil Tippett,1.0,1.0,/movie/mad-god/
The Substance,The Substance,1.0,1.0,2024,2024,Coralie Fargeat,Coralie Fargeat,1.0,1.0,/movie/the-substance/
Alien: Romulus,Alien: Romulus,1.0,1.0,2024,2024,Fede Alvarez,Fede Alvarez,1.0,1.0,/movie/alien-romulus/
Oddity,Oddity,1.0,1.0,2024,2024,Damian Mc Carthy,Damian Mc Carthy,1.0,1.0,/movie/oddity/
Piggy,Piggy,1.0,1.0,2022,2022,Carlota Pereda,Carlota Pereda,1.0,1.0,/movie/piggy/
Talk to Me,Talk to Me,1.0,1.0,2022,2022,"Danny Philippou, Michael Philippou","Danny Philippou, Michael Philippou",1.0,1.0,/movie/talk-to-me-2022/
Barbarian,Barbarian,1.0,1.0,2022,2022,Zach Cregger,Zach Cregger,1.0,1.0,/movie/barbarian/
M3GAN,M3GAN,1.0,1.0,2022,2022,Gerard Johnstone,Gerard Johnstone,1.0,1.0,/movie/m3gan/
Bodies Bodies Bodies,Bodies Bodies Bodies,1.0,1.0,2022,2022,Halina Reijn,Halina Reijn,1.0,1.0,/movie/bodies-bodies-bodies/
Under the Skin,Under the Skin,1.0,1.0,2013,2013,Jonathan Glazer,Jonathan Glazer,1.0,1.0,/movie/under-the-skin/
Hellraiser,Hellraiser,1.0,1.0,1987,2022,Clive Barker,David Bruckner,0.54,0.0,/movie/hellraiser-2022/
Hellraiser,Hellraiser,1.0,1.0,1987,1987,Clive Barker,Clive Barker,1.0,1.0,/movie/hellraiser/
Possessor,Possessor Uncut,0.75,0.707,2020,2020,Brandon Cronenberg,Brandon Cronenberg,1.0,1.0,/movie/possessor-uncut/
Gladiator,Gladiator,1.0,1.0,2000,2000,Ridley Scott,Ridley Scott,1.0,1.0,/movie/gladiator/
Godzilla Minus One,Godzilla Minus One,1.0,1.0,2023,2023,Takashi Yamazaki,Takashi Yamazaki,1.0,1.0,/movie/godzilla-minus-one/
Furiosa: A Mad Max Saga,Furiosa: A Mad Max Saga,1.0,1.0,2024,2024,George Miller,George Miller,1.0,1.0,/movie/furiosa-a-mad-max-saga/
Civil War,Civil War,1.0,1.0,2024,2024,Alex Garland,Alex Garland,1.0,1.0,/movie/civil-war/
The Killer,The Killer,1.0,1.0,2023,2024,David Fincher,"John Wo, John Woo",0.13,0.0,/movie/the-killer-2024/
The Killer,The Killer,1.0,1.0,2023,2023,David Fincher,David Fincher,1.0,1.0,/movie/the-killer-2023/
RoboCop,RoboCop,1.0,1.0,1987,1987,Paul Verhoeven,Paul Verhoeven,1.0,1.0,/movie/robocop/
Violent Night,Violent Night,1.0,1.0,2022,2022,Tommy Wirkola,Tommy Wirkola,1.0,1.0,/movie/violent-night/
You Were Never Really Here,You Were Never Really Here,1.0,1.0,2017,2017,Lynne Ramsay,Lynne Ramsay,1.0,1.0,/movie/you-were-never-really-here/
Dredd,Dredd,1.0,1.0,2012,2012,Pete Travis,Pete Travis,1.0,1.0,/movie/dredd/
Kimi,Kimi,1.0,1.0,2022,2022,Steven Soderbergh,Steven Soderbergh,1.0,1.0,/movie/kimi/
Sisu,Sisu,1.0,1.0,2022,2022,Jalmari Helander,Jalmari Helander,1.0,1.0,/movie/sisu/
Emily the Criminal,Emily the Criminal,1.0,1.0,2022,2022,John Patton Ford,John Patton Ford,1.0,1.0,/movie/emily-the-criminal/
Nobody,Nobody,1.0,1.0,2021,2021,Ilya Naishuller,Ilya Naishuller,1.0,1.0,/movie/nobody/
Casino Royale,Casino Royale,1.0,1.0,2006,2006,Martin Campbell,Martin Campbell,1.0,1.0,/movie/casino-royale/
Flow,Flow,1.0,1.0,2024,2024,Gints Zilbalodis,Gints Zilbalodis,1.0,1.0,/movie/flow/
Howl's Moving Castle,Howl's Moving Castle,1.0,1.0,2004,2004,Hayao Miyazaki,Hayao Miyazaki,1.0,1.0,/movie/howls-moving-castle/
Pokemon Detective Pikachu,Pokémon Detective Pikachu,0.96,0.667,2019,2019,Rob Letterman,Rob Letterman,1.0,1.0,/movie/pokemon-detective-pikachu/
Pokemon 2000,Pokémon: The Movie 2000,0.63,0.354,2000,1999,Richard Dipirro,Kunihiko Yuyama,0.27,0.0,/movie/pokemon-the-movie-2000/
Pokemon 2000,,,,2000,,Richard Dipirro,,,,
The Last Unicorn,The Last Unicorn,1.0,1.0,1982,1982,"Jules Bass, Arthur Rankin Jr.","Jules Bass, Arthur Rankin Jr.",1.0,1.0,/movie/the-last-unicorn/
Princess Mononoke,Princess Mononoke,1.0,1.0,1997,1997,Hayao Miyazaki,Hayao Miyazaki,1.0,1.0,/movie/princess-mononoke/
Millennium Actress,Millennium Actress,1.0,1.0,2001,2001,"Satoshi Kon, Kô Matsuo","Satoshi Kon, Kô Matsuo",1.0,1.0,/movie/millennium-actress/
Akira,Akira,1.0,1.0,1988,1988,Katsuhiro Ôtomo,Katsuhiro Ôtomo,1.0,1.0,/movie/akira/
All the Beauty and the Bloodshed,All the Beauty and the Bloodshed,1.0,1.0,2022,2022,Laura Poitras,Laura Poitras,1.0,1.0,/movie/all-the-beauty-and-the-bloodshed/
Ex Machina,Ex Machina,1.0,1.0,2014,2014,Alex Garland,Alex Garland,1.0,1.0,/movie/ex-machina/
Harold & Kumar Go to White Castle,Harold & Kumar Go to White Castle,1.0,1.0,2004,2004,Danny Leiner,Danny Leiner,1.0,1.0,/movie/harold-kumar-go-to-white-castle/
Troll 2,Troll 2,1.0,1.0,1990,1990,Claudio Fragasso,Claudio Fragasso,1.0,1.0,/movie/troll-2/
Tank Girl,Tank Girl,1.0,1.0,1995,1995,Rachel Talalay,Rachel Talalay,1.0,1.0,/movie/tank-girl/
Bean,Bean,1.0,1.0,1997,1997,Mel Smith,Mel Smith,1.0,1.0,/movie/bean/
Twilight,Twilight,1.0,1.0,2008,2008,Catherine Hardwicke,Catherine Hardwicke,1.0,1.0,/movie/twilight/
Black Dynamite,Black Dynamite,1.0,1.0,2009,2009,Scott Sanders,Scott Sanders,1.0,1.0,/movie/black-dynamite/
Starship Troopers,Starship Troopers,1.0,1.0,1997,1997,Paul Verhoeven,Paul Verhoeven,1.0,1.0,/movie/starship-troopers/
The Man from U.N.C.L.E.,The Man from U.N.C.L.E.,1.0,1.0,2015,2015,Guy Ritchie,Guy Ritchie,1.0,1.0,/movie/the-man-from-uncle/
Memories,,,,1995,,"Katsuhiro Ôtomo, Kôji Morimoto, Tensai Okamura",,,,
Kiss Kiss Bang Bang,Kiss Kiss Bang Bang,1.0,1.0,2005,2005,Shane Black,Shane Black,1.0,1.0,/movie/kiss-kiss-bang-bang/
The Boondock Saints,The Boondock Saints,1.0,1.0,1999,1999,Troy Duffy,Troy Duffy,1.0,1.0,/movie/the-boondock-saints/
Blade Runner 2049,Blade Runner 2049,1.0,1.0,2017,2017,Denis Villeneuve,Denis Villeneuve,1.0,1.0,/movie/blade-runner-2049/
X-Men: First Class,X-Men: First Class,1.0,1.0,2011,2011,Matthew Vaughn,Matthew Vaughn,1.0,1.0,/movie/x-men-first-class/
Airplane!,Airplane!,1.0,1.0,1980,1980,"Jim Abrahams, David Zucker, Jerry Zucker","Jim Abrahams, David Zucker, Jerry Zucker",1.0,1.0,/movie/airplane!/
Slumdog Millionaire,Slumdog Millionaire,1.0,1.0,2008,2008,"Danny Boyle, Loveleen Tandan","Danny Boyle, Loveleen Tandan",1.0,1.0,/movie/slumdog-millionaire/
The NeverEnding Story,The NeverEnding Story,1.0,1.0,1984,1984,Wolfgang Petersen,Wolfgang Petersen,1.0,1.0,/movie/the-neverending-story/
Scooby-Doo,Scooby-Doo,1.0,1.0,2002,2002,Raja Gosnell,Raja Gosnell,1.0,1.0,/movie/scooby-doo/
A Knight's Tale,A Knight's Tale,1.0,1.0,2001,2001,Brian Helgeland,Brian Helgeland,1.0,1.0,/movie/a-knights-tale/
Back to the Future,Back to the Future,1.0,1.0,1985,1985,Robert Zemeckis,Robert Zemeckis,1.0,1.0,/movie/back-to-the-future/
Interview with the Vampire,Interview with the Vampire: The Vampire Chronicles,0.68,0.905,1994,1994,Neil Jordan,Neil Jordan,1.0,1.0,/movie/interview-with-the-vampire-the-vampire-chronicles/
Horrible Bosses,Horrible Bosses,1.0,1.0,2011,2011,Seth Gordon,Seth Gordon,1.0,1.0,/movie/horrible-bosses/
Grosse Pointe Blank,Grosse Pointe Blank,1.0,1.0,1997,1997,George Armitage,George Armitage,1.0,1.0,/movie/grosse-pointe-blank/
Mortal Kombat,Mortal Kombat,1.0,1.0,1995,2021,Paul W.S. Anderson,Simon McQuoid,0.19,0.0,/movie/mortal-kombat-2021/
Mortal Kombat,Mortal Kombat,1.0,1.0,1995,1995,Paul W.S. Anderson,Paul W.S. Anderson,1.0,1.0,/movie/mortal-kombat/
Gone in 60 Seconds,Gone in 60 Seconds,1.0,1.0,2000,1974,Dominic Sena,H.B. Halicki,0.17,0.0,/movie/gone-in-60-seconds/
Gone in 60 Seconds,Gone in Sixty Seconds,0.82,0.75,2000,2000,Dominic Sena,Dominic Sena,1.0,1.0,/movie/gone-in-sixty-seconds/
Gone in 60 Seconds,,,,2000,,Dominic Sena,,,,
Highlander,Highlander,1.0,1.0,1986,1986,Russell Mulcahy,Russell Mulcahy,1.0,1.0,/movie/highlander/
Braveheart,Braveheart,1.0,1.0,1995,1995,Mel Gibson,Mel Gibson,1.0,1.0,/movie/braveheart/
Perfume: The Story of a Murderer,Perfume: The Story of a Murderer,1.0,1.0,2006,2006,Tom Tykwer,Tom Tykwer,1.0,1.0,/movie/perfume-the-story-of-a-murderer/
The Importance of Being Earnest,The Importance of Being Earnest,1.0,1.0,2002,2002,Oliver Parker,Oliver Parker,1.0,1.0,/movie/the-importance-of-being-earnest/
Life as a House,Life as a House,1.0,1.0,2001,2001,Irwin Winkler,Irwin Winkler,1.0,1.0,/movie/life-as-a-house/
Star Trek,Star Trek,1.0,1.0,2009,2009,J.J. Abrams,J.J. Abrams,1.0,1.0,/movie/star-trek/
Dragonheart,DragonHeart,1.0,1.0,1996,1996,Rob Cohen,Rob Cohen,1.0,1.0,/movie/dragonheart/
Star Trek Into Darkness,Star Trek Into Darkness,1.0,1.0,2013,2013,J.J. Abrams,J.J. Abrams,1.0,1.0,/movie/star-trek-into-darkness/
Star Trek Beyond,Star Trek Beyond,1.0,1.0,2016,2016,Justin Lin,Justin Lin,1.0,1.0,/movie/star-trek-beyond/
Stardust,Stardust,1.0,1.0,2007,2007,Matthew Vaughn,Matthew Vaughn,1.0,1.0,/movie/stardust/
Labyrinth,Labyrinth,1.0,1.0,1986,1986,Jim Henson,Jim Henson,1.0,1.0,/movie/labyrinth/
Johnny Mnemonic,Johnny Mnemonic,1.0,1.0,1995,1995,Robert Longo,Robert Longo,1.0,1.0,/movie/johnny-mnemonic/
Bedazzled,Bedazzled,1.0,1.0,2000,2000,Harold Ramis,Harold Ramis,1.0,1.0,/movie/bedazzled/
Black Swan,Black Swan,1.0,1.0,2010,2010,Darren Aronofsky,Darren Aronofsky,1.0,1.0,/movie/black-swan/
Pokemon: The First Movie,Pokémon: The First Movie - Mewtwo Strikes Back!,0.65,0.567,1998,1998,Kunihiko Yuyama,Kunihiko Yuyama,1.0,1.0,/movie/pokmon-the-first-movie---mewtwo-strikes-back!/
Pokemon: The First Movie,Pokémon: The Movie 2000,0.72,0.5,1998,1999,Kunihiko Yuyama,Kunihiko Yuyama,1.0,1.0,/movie/pokemon-the-movie-2000/
Demolition Man,Demolition Man,1.0,1.0,1993,1993,Marco Brambilla,Marco Brambilla,1.0,1.0,/movie/demolition-man/
Legend,Legend,1.0,1.0,1985,2015,Ridley Scott,Brian Helgeland,0.3,0.0,/movie/legend/
Legend,Legend,1.0,1.0,1985,1985,Ridley Scott,Ridley Scott,1.0,1.0,/movie/legend-1986/
Sex Drive,Sex Drive,1.0,1.0,2008,2008,Sean Anders,Sean Anders,1.0,1.0,/movie/sex-drive/
The Lost Boys,The Lost Boys,1.0,1.0,1987,1987,Joel Schumacher,Joel Schumacher,1.0,1.0,/movie/the-lost-boys/
Short Circuit,Short Circuit,1.0,1.0,1986,1986,John Badham,John Badham,1.0,1.0,/movie/short-circuit/
Elf,Elf,1.0,1.0,2003,2003,Jon Favreau,Jon Favreau,1.0,1.0,/movie/elf/
Sister Act,Sister Act,1.0,1.0,1992,1992,Emile Ardolino,Emile Ardolino,1.0,1.0,/movie/sister-act/
Tommy Boy,Tommy Boy,1.0,1.0,1995,1995,Peter Segal,Peter Segal,1.0,1.0,/movie/tommy-boy/
Idle Hands,Idle Hands,1.0,1.0,1999,1999,Rodman Flender,Rodman Flender,1.0,1.0,/movie/idle-hands/
Reign of Fire,Reign of Fire,1.0,1.0,2002,2002,Rob Bowman,Rob Bowman,1.0,1.0,/movie/reign-of-fire/
Rampant,Rampant,1.0,1.0,2018,2018,Kim Sung-hoon,Kim Sung-hoon,1.0,1.0,/movie/rampant/
Sorry To Bother You,Sorry to Bother You,1.0,1.0,2018,2018,Boots Riley,Boots Riley,1.0,1.0,/movie/sorry-to-bother-you/
"Three Billboards Outside Ebbing, Missouri","Three Billboards Outside Ebbing, Missouri",1.0,1.0,2017,2017,Martin McDonagh,Martin McDonagh,1.0,1.0,/movie/three-billboards-outside-ebbing-missouri/
Lamb,Lamb,1.0,1.0,2021,2021,Valdimar Jóhannsson,Valdimar Jóhannsson,1.0,1.0,/movie/lamb-2021/
UNDER THE VOLCANO,Under the Volcano,1.0,1.0,2024,1984,Damian Kocur,John Huston,0.26,0.0,/movie/under-the-volcano/
UNDER THE VOLCANO,Under the Volcano,1.0,1.0,2024,2024,Damian Kocur,Damian Kocur,1.0,1.0,/movie/under-the-volcano-2024/
TO A LAND UNKNOWN,To a Land Unknown,1.0,1.0,2025,2024,Mahdi Fleifel,Mahdi Fleifel,1.0,1.0,/movie/to-a-land-unknown/
VIET AND NAM,Viet and Nam,1.0,1.0,2024,2024,Truong Minh Quy,Minh Quy Truong,0.53,1.0,/movie/viet-and-nam/
GRAND TOUR,Grand Tour,1.0,1.0,2024,2024,Miguel Gomes,Miguel Gomes,1.0,1.0,/movie/grand-tour/
FORGETTING VIETNAM,,,,2016,,Tr?nh T. Minh-hà,,,,
ADVENTURES OF ELECTRIC ROD BOY,,,,1987,,Shin'ya Tsukamoto,,,,
TETSUO: THE IRON MAN,,,,1989,,Shin'ya Tsukamoto,,,,
LYNCH: ONE,Let the Right One In,0.4,0.316,2007,2008,Jason Scheunemann,Tomas Alfredson,0.31,0.0,/movie/let-the-right-one-in/
LYNCH: ONE,,,,2007,,Jason Scheunemann,,,,
WHEN FALL IS COMING,When Fall Is Coming,1.0,1.0,2024,2024,François Ozon,François Ozon,1.0,1.0,/movie/when-fall-is-coming/
DUDE BRO PARTY MASSACRE III,Dude Bro Party Massacre III,1.0,1.0,2015,2015,"Tomm Jacobsen, Michael Rousselet, Jon Salmon","Tomm Jacobsen, Michael Rousselet, Jon Salmon",1.0,1.0,/movie/dude-bro-party-massacre-iii/
TASTE THE REVOLUTION,The Taste of Others,0.51,0.577,2001,2000,Daniel Klein,Agnès Jaoui,0.35,0.0,/movie/the-taste-of-others/
TASTE THE REVOLUTION,Friendly Persuasion: Iranian Cinema After the 1979 Revolution,0.47,0.408,2001,2000,Daniel Klein,Jamsheed Akrami,0.37,0.0,/movie/friendly-persuasion-iranian-cinema-after-the-1979-revolution/
TASTE THE REVOLUTION,,,,2001,,Daniel Klein,,,,
DINNER WITH LEATHERFACE,,,,2024,,Michael Kallio,,,,
LATE SPRING,Late Spring (1949),0.76,0.816,1949,1949,Yasujirô Ozu,Yasujirô Ozu,1.0,1.0,/movie/late-spring-1949/
ERIC LARUE,Eric Larue,1.0,1.0,2024,2023,Michael Shannon,Michael Shannon,1.0,1.0,/movie/eric-larue/
VIET AND NAM,Viet and Nam,1.0,1.0,2024,2024,Trương Minh Quý,Minh Quy Truong,0.47,0.333,/movie/viet-and-nam/
VIET AND NAM,,,,2024,,Trương Minh Quý,,,,
An Evening with Paul Schrader,,,,2025,,Paul Schrader,,,,
"HIROSHIMA, MON AMOUR",,,,1959,,Alain Resnais,,,,
I AM A COMEDIAN,Who We Are: A Chronicle of Racism in America,0.37,0.0,2022,2021,Fumiari Hyūga,"Emily Kunstler, Sarah Kunstler",0.23,0.0,/movie/who-we-are-a-chronicle-of-racism-in-america/
I AM A COMEDIAN,Joan Baez I Am A Noise,0.49,0.354,2022,2023,Fumiari Hyūga,"Miri Navasky, Maeve O'Boyle, Karen O'Connor",0.25,0.0,/movie/joan-baez-i-am-a-noise/
I AM A COMEDIAN,Poly Styrene: I Am a Cliché,0.43,0.354,2022,2021,Fumiari Hyūga,"Celeste Bell, Paul Sng",0.17,0.0,/movie/poly-styrene-i-am-a-cliche/
I AM A COMEDIAN,,,,2022,,Fumiari Hyūga,,,,
PREEMPTIVE LISTENING,,,,2024,,Aura Satz,,,,
A STATE OF PASSION,,,,2024,,Carol Mansour,,,,
THE PROMISE,The Promise,1.0,1.0,2022,2016,Leonardo Antonio Avezzano,Terry George,0.27,0.0,/movie/the-promise-2016/
THE PROMISE,The Promise,1.0,1.0,2022,2005,Leonardo Antonio Avezzano,Kaige Chen,0.29,0.0,/movie/the-promise/
THE PROMISE,The Promised Land,0.79,0.408,2022,2023,Leonardo Antonio Avezzano,Nikolaj Arcel,0.32,0.0,/movie/the-promised-land/
THE PROMISE,The Promise,1.0,1.0,2022,1979,Leonardo Antonio Avezzano,Gilbert Cates,0.37,0.0,/movie/the-promise-1969/
THE PROMISE,Brian Wilson: Long Promised Road,0.37,0.0,2022,2021,Leonardo Antonio Avezzano,Brent Wilson,0.32,0.0,/movie/brian-wilson-long-promised-road/
THE PROMISE,,,,2022,,Leonardo Antonio Avezzano,,,,
REVOLUTION UNTIL VICTORY AKA WE ARE THE PALESTINIAN PEOPLE,,,,1972,,Various directors,,,,
THE PALESTINE EXCEPTION,Nirvanna the Band the Show the Movie,0.37,0.48,2024,2025,"Jan Haaken, Jennifer Ruth",Matt Johnson,0.27,0.0,/movie/nirvanna-the-band-the-show-the-movie/
THE PALESTINE EXCEPTION,,,,2024,,"Jan Haaken, Jennifer Ruth",,,,
YALLA PARKOUR,,,,2025,,Areeb Zuaiter,,,,
SPACES OF EXCEPTION,,,,2023,,"Matt Peterson, Malek Rasamny",,,,
ROUNDABOUT,,,,2025,,Various directors,,,,
TO A LAND UNKNOWN,To a Land Unknown,1.0,1.0,2024,2024,Mahdi Fleifel,Mahdi Fleifel,1.0,1.0,/movie/to-a-land-unknown/
THE IMPORTANCE OF BEING EARNEST,The Importance of Being Earnest,1.0,1.0,2024,2002,Max Webster,Oliver Parker,0.25,0.0,/movie/the-importance-of-being-earnest/
THE IMPORTANCE OF BEING EARNEST,The True Beauty of Being Bitten by a Tick,0.53,0.474,2024,2025,Max Webster,Pete Ohs,0.32,0.0,/movie/the-true-beauty-of-being-bitten-by-a-tick/
THE IMPORTANCE OF BEING EARNEST,,,,2024,,Max Webster,,,,
DOC10 SHORTS PROGRAM,,,,2024,,Various directors,,,,
DOC 10: THE INFILTRATORS,The Infiltrators,0.8,0.707,2019,2019,"Cristina Ibarra, Alex Rivera","Cristina Ibarra, Alex Rivera",1.0,1.0,/movie/the-infiltrators/
DOC 10: THE INFILTRATORS,The Dog Doc,0.29,0.577,2019,2019,"Cristina Ibarra, Alex Rivera",Cindy Meehl,0.31,0.0,/movie/the-dog-doc/
DOC10: 2000 METERS TO ANDRIIVKA,2000 Meters to Andriivka,0.87,0.894,2025,2025,Mstyslav Chernov,Mstyslav Chernov,1.0,1.0,/movie/2000-meters-to-andriivka/
DOC10: MISTRESS DISPELLER,,,,2024,,Elizabeth Lo,,,,
FORGETTING VIETNAM,,,,2016,,Trinh T. Minh-ha,,,,
DRUMMING AND DUBBING WITH ALEE PEOPLES,,,,2008,,Alee Peoples,,,,
CPFF SHORT FILMS: SOLIDARITY & PROMISE,Made in England: The Films of Powell and Pressburger,0.38,0.149,2023,2024,Various directors,David Hinton,0.41,0.0,/movie/made-in-england-the-films-of-powell-and-pressburger/
CPFF SHORT FILMS: SOLIDARITY & PROMISE,The Promised Land,0.33,0.0,2023,2023,Various directors,Nikolaj Arcel,0.33,0.0,/movie/the-promised-land/
CPFF SHORT FILMS: SOLIDARITY & PROMISE,,,,2023,,Various directors,,,,
CPFF SHORT FILMS: CHICAGO TO PALESTINE,Little Palestine: Diary of a Siege,0.42,0.183,2021,2021,Various directors,Abdallah Al-Khatib,0.17,0.0,/movie/little-palestine-diary-of-a-siege/
CPFF SHORT FILMS: CHICAGO TO PALESTINE,Time Warp: The Greatest Cult Films of All-Time Vol. 1: Midnight Madness,0.37,0.109,2021,2020,Various directors,,,,/movie/time-warp-the-greatest-cult-films-of-all-time-vol-1-midnight-madness/
CPFF SHORT FILMS: CHICAGO TO PALESTINE,Time Warp: The Greatest Cult Films of All-Time- Vol. 2 Horror and Sci-Fi,0.36,0.102,2021,2020,Various directors,Danny Wolf,0.22,0.0,/movie/time-warp-the-greatest-cult-films-of-all-time--vol-2-horror-and-sci-fi/
CPFF SHORT FILMS: CHICAGO TO PALESTINE,,,,2021,,Various directors,,,,
THE RADICAL ART OF THE SANDIN IMAGE PROCESSOR,,,,1973,,Various directors,,,,
AT THE RISK OF SEEMING RIDICULOUS,,,,1994,,Mary Patten,,,,
