,Title,Year,Director,Showtime,Showtime_Date,Showtime_Time
0,GRAND TOUR,2024,Miguel Gomes,2025-04-18 17:45:00-05:00,2025-04-18,17:45:00
1,KILLER OF SHEEP,1978,Charles Burnett,2025-04-18 18:00:00-05:00,2025-04-18,18:00:00
2,A FIDAI FILM,2024,Kamal Aljafari,2025-04-18 20:00:00-05:00,2025-04-18,20:00:00
3,KILLER OF SHEEP,1978,Charles Burnett,2025-04-18 20:30:00-05:00,2025-04-18,20:30:00
4,KILLER OF SHEEP,1978,Charles Burnett,2025-04-19 12:30:00-05:00,2025-04-19,12:30:00
5,THE PALESTINE EXCEPTION,2024,"Jan Haaken, Jennifer Ruth",2025-04-19 13:00:00-05:00,2025-04-19,13:00:00
6,GRAND TOUR,2024,Miguel Gomes,2025-04-19 14:30:00-05:00,2025-04-19,14:30:00
7,KILLER OF SHEEP,1978,Charles Burnett,2025-04-19 16:00:00-05:00,2025-04-19,16:00:00
8,GRAND TOUR,2024,Miguel Gomes,2025-04-19 17:15:00-05:00,2025-04-19,17:15:00
9,YALLA PARKOUR,2025,Areeb Zuaiter,2025-04-19 18:00:00-05:00,2025-04-19,18:00:00
10,KILLER OF SHEEP,1978,Charles Burnett,2025-04-19 20:00:00-05:00,2025-04-19,20:00:00
11,KILLER OF SHEEP,1978,Charles Burnett,2025-04-20 12:00:00-05:00,2025-04-20,12:00:00
12,GRAND TOUR,2024,Miguel Gomes,2025-04-20 12:15:00-05:00,2025-04-20,12:15:00
13,GRAND TOUR,2024,Miguel Gomes,2025-04-20 14:30:00-05:00,2025-04-20,14:30:00
14,KILLER OF SHEEP,1978,Charles Burnett,2025-04-20 15:00:00-05:00,2025-04-20,15:00:00
15,GRAND TOUR,2024,Miguel Gomes,2025-04-20 17:00:00-05:00,2025-04-20,17:00:00
16,KILLER OF SHEEP,1978,Charles Burnett,2025-04-20 17:15:00-05:00,2025-04-20,17:15:00
17,KILLER OF SHEEP,1978,Charles Burnett,2025-04-21 17:45:00-05:00,2025-04-21,17:45:00
18,BONA,1980,Lino Brocka,2025-04-21 18:00:00-05:00,2025-04-21,18:00:00
19,GRAND TOUR,2024,Miguel Gomes,2025-04-21 19:45:00-05:00,2025-04-21,19:45:00
20,KILLER OF SHEEP,1978,Charles Burnett,2025-04-21 20:15:00-05:00,2025-04-21,20:15:00
21,KILLER OF SHEEP,1978,Charles Burnett,2025-04-22 17:45:00-05:00,2025-04-22,17:45:00
22,BOWLING FOR COLUMBINE,2002,Michael Moore,2025-04-22 18:00:00-05:00,2025-04-22,18:00:00
23,GRAND TOUR,2024,Miguel Gomes,2025-04-22 19:45:00-05:00,2025-04-22,19:45:00
24,KILLER OF SHEEP,1978,Charles Burnett,2025-04-23 17:45:00-05:00,2025-04-23,17:45:00
25,SPACES OF EXCEPTION,2023,"Matt Peterson, Malek Rasamny",2025-04-23 18:00:00-05:00,2025-04-23,18:00:00
26,GRAND TOUR,2024,Miguel Gomes,2025-04-23 19:45:00-05:00,2025-04-23,19:45:00
27,KILLER OF SHEEP,1978,Charles Burnett,2025-04-23 20:30:00-05:00,2025-04-23,20:30:00
28,KILLER OF SHEEP,1978,Charles Burnett,2025-04-24 17:45:00-05:00,2025-04-24,17:45:00
29,ROUNDABOUT,2025,Various directors,2025-04-24 18:00:00-05:00,2025-04-24,18:00:00
30,GRAND TOUR,2024,Miguel Gomes,2025-04-24 19:45:00-05:00,2025-04-24,19:45:00
31,KILLER OF SHEEP,1978,Charles Burnett,2025-04-24 20:30:00-05:00,2025-04-24,20:30:00
32,LOVE HOTEL,1985,Shinji Somai,2025-04-25 18:00:00-05:00,2025-04-25,18:00:00
33,YOUNG HEARTS,2024,Anthony Schatteman,2025-04-25 18:15:00-05:00,2025-04-25,18:15:00
34,TO A LAND UNKNOWN,2024,Mahdi Fleifel,2025-04-25 20:00:00-05:00,2025-04-25,20:00:00
35,LOVE HOTEL,1985,Shinji Somai,2025-04-25 20:30:00-05:00,2025-04-25,20:30:00
36,LOVE HOTEL,1985,Shinji Somai,2025-04-26 12:00:00-05:00,2025-04-26,12:00:00
37,YOUNG HEARTS,2024,Anthony Schatteman,2025-04-26 12:30:00-05:00,2025-04-26,12:30:00
38,THE IMPORTANCE OF BEING EARNEST,2024,Max Webster,2025-04-26 14:00:00-05:00,2025-04-26,14:00:00
39,YOUNG HEARTS,2024,Anthony Schatteman,2025-04-26 14:45:00-05:00,2025-04-26,14:45:00
40,KILLER OF SHEEP,1978,Charles Burnett,2025-04-26 17:30:00-05:00,2025-04-26,17:30:00
41,"JANIN, JENIN",2024,Mohammad Bakri,2025-04-26 19:00:00-05:00,2025-04-26,19:00:00
42,LOVE HOTEL,1985,Shinji Somai,2025-04-26 19:30:00-05:00,2025-04-26,19:30:00
43,YOUNG HEARTS,2024,Anthony Schatteman,2025-04-27 12:00:00-05:00,2025-04-27,12:00:00
44,LOVE HOTEL,1985,Shinji Somai,2025-04-27 12:30:00-05:00,2025-04-27,12:30:00
45,THE IMPORTANCE OF BEING EARNEST,2024,Max Webster,2025-04-27 14:00:00-05:00,2025-04-27,14:00:00
46,LOVE HOTEL,1985,Shinji Somai,2025-04-27 14:30:00-05:00,2025-04-27,14:30:00
47,DOC10 SHORTS PROGRAM,2024,Various directors,2025-04-27 17:00:00-05:00,2025-04-27,17:00:00
48,YOUNG HEARTS,2024,Anthony Schatteman,2025-04-27 17:30:00-05:00,2025-04-27,17:30:00
49,REVOLUTION UNTIL VICTORY AKA WE ARE THE PALESTINIAN PEOPLE,1972,Various directors,2025-04-28 18:00:00-05:00,2025-04-28,18:00:00
50,LOVE HOTEL,1985,Shinji Somai,2025-04-28 18:15:00-05:00,2025-04-28,18:15:00
51,YOUNG HEARTS,2024,Anthony Schatteman,2025-04-28 20:15:00-05:00,2025-04-28,20:15:00
52,LOVE HOTEL,1985,Shinji Somai,2025-04-28 20:30:00-05:00,2025-04-28,20:30:00
53,DOC 10: THE INFILTRATORS,2019,"Cristina Ibarra, Alex Rivera",2025-04-29 18:00:00-05:00,2025-04-29,18:00:00
54,KILLER OF SHEEP,1978,Charles Burnett,2025-04-29 18:15:00-05:00,2025-04-29,18:15:00
55,YOUNG HEARTS,2024,Anthony Schatteman,2025-04-29 20:15:00-05:00,2025-04-29,20:15:00
56,LOVE HOTEL,1985,Shinji Somai,2025-04-29 20:30:00-05:00,2025-04-29,20:30:00
57,YOUNG HEARTS,2024,Anthony Schatteman,2025-04-30 18:00:00-05:00,2025-04-30,18:00:00
58,LOVE HOTEL,1985,Shinji Somai,2025-04-30 18:15:00-05:00,2025-04-30,18:15:00
59,KILLER OF SHEEP,1978,Charles Burnett,2025-04-30 20:15:00-05:00,2025-04-30,20:15:00
60,LOVE HOTEL,1985,Shinji Somai,2025-04-30 20:30:00-05:00,2025-04-30,20:30:00
61,AT THE RISK OF SEEMING RIDICULOUS,1994,Mary Patten,2025-05-01 18:00:00-05:00,2025-05-01,18:00:00
62,LOVE HOTEL,1985,Shinji Somai,2025-05-01 18:15:00-05:00,2025-05-01,18:15:00
63,YOUNG HEARTS,2024,Anthony Schatteman,2025-05-01 20:15:00-05:00,2025-05-01,20:15:00
64,"JANIN, JENIN",2024,Mohammad Bakri,2025-05-01 20:30:00-05:00,2025-05-01,20:30:00
65,YOUNG HEARTS,2024,Anthony Schatteman,2025-04-27 12:00:00-05:00,2025-04-27,12:00:00
66,LOVE HOTEL,1985,Shinji Somai,2025-04-27 12:30:00-05:00,2025-04-27,12:30:00
67,THE IMPORTANCE OF BEING EARNEST,2024,Max Webster,2025-04-27 14:00:00-05:00,2025-04-27,14:00:00
68,LOVE HOTEL,1985,Shinji Somai,2025-04-27 14:30:00-05:00,2025-04-27,14:30:00
69,DOC10 SHORTS PROGRAM,2024,Various directors,2025-04-27 17:00:00-05:00,2025-04-27,17:00:00
70,YOUNG HEARTS,2024,Anthony Schatteman,2025-04-27 17:30:00-05:00,2025-04-27,17:30:00
71,REVOLUTION UNTIL VICTORY AKA WE ARE THE PALESTINIAN PEOPLE,1972,Various directors,2025-04-28 18:00:00-05:00,2025-04-28,18:00:00
72,LOVE HOTEL,1985,Shinji Somai,2025-04-28 18:15:00-05:00,2025-04-28,18:15:00
73,YOUNG HEARTS,2024,Anthony Schatteman,2025-04-28 20:15:00-05:00,2025-04-28,20:15:00
74,LOVE HOTEL,1985,Shinji Somai,2025-04-28 20:30:00-05:00,2025-04-28,20:30:00
75,DOC 10: THE INFILTRATORS,2019,"Cristina Ibarra, Alex Rivera",2025-04-29 18:00:00-05:00,2025-04-29,18:00:00
76,KILLER OF SHEEP,1978,Charles Burnett,2025-04-29 18:15:00-05:00,2025-04-29,18:15:00
77,YOUNG HEARTS,2024,Anthony Schatteman,2025-04-29 20:15:00-05:00,2025-04-29,20:15:00
78,LOVE HOTEL,1985,Shinji Somai,2025-04-29 20:30:00-05:00,2025-04-29,20:30:00
79,YOUNG HEARTS,2024,Anthony Schatteman,2025-04-30 18:00:00-05:00,2025-04-30,18:00:00
80,LOVE HOTEL,1985,Shinji Somai,2025-04-30 18:15:00-05:00,2025-04-30,18:15:00
81,KILLER OF SHEEP,1978,Charles Burnett,2025-04-30 20:15:00-05:00,2025-04-30,20:15:00
82,LOVE HOTEL,1985,Shinji Somai,2025-04-30 20:30:00-05:00,2025-04-30,20:30:00
83,AT THE RISK OF SEEMING RIDICULOUS,1994,Mary Patten,2025-05-01 18:00:00-05:00,2025-05-01,18:00:00
84,LOVE HOTEL,1985,Shinji Somai,2025-05-01 18:15:00-05:00,2025-05-01,18:15:00
85,YOUNG HEARTS,2024,Anthony Schatteman,2025-05-01 20:15:00-05:00,2025-05-01,20:15:00
86,"JANIN, JENIN",2024,Mohammad Bakri,2025-05-01 20:30:00-05:00,2025-05-01,20:30:00
87,DOC10: 2000 METERS TO ANDRIIVKA,2025,Mstyslav Chernov,2025-05-04 13:30:00-05:00,2025-05-04,13:30:00
88,DOC10: MISTRESS DISPELLER,2024,Elizabeth Lo,2025-05-04 16:00:00-05:00,2025-05-04,16:00:00
89,FORGETTING VIETNAM,2016,Trinh T. Minh-ha,2025-05-06 18:00:00-05:00,2025-05-06,18:00:00
90,"SAIC FILM, VIDEO, NEW MEDIA, ANIMATION, AND SOUND FESTIVAL",2025,Various directors,2025-05-07 18:00:00-05:00,2025-05-07,18:00:00
91,"SAIC FILM, VIDEO, NEW MEDIA, ANIMATION, AND SOUND FESTIVAL",2025,Various directors,2025-05-07 20:30:00-05:00,2025-05-07,20:30:00
92,"SAIC FILM, VIDEO, NEW MEDIA, ANIMATION, AND SOUND FESTIVAL",2025,Various directors,2025-05-08 18:00:00-05:00,2025-05-08,18:00:00
93,"SAIC FILM, VIDEO, NEW MEDIA, ANIMATION, AND SOUND FESTIVAL",2025,Various directors,2025-05-08 20:15:00-05:00,2025-05-08,20:15:00
94,"SAIC FILM, VIDEO, NEW MEDIA, ANIMATION, AND SOUND FESTIVAL",2025,Various directors,2025-05-09 18:00:00-05:00,2025-05-09,18:00:00
95,"SAIC FILM, VIDEO, NEW MEDIA, ANIMATION, AND SOUND FESTIVAL",2025,Various directors,2025-05-09 20:15:00-05:00,2025-05-09,20:15:00
96,"SAIC FILM, VIDEO, NEW MEDIA, ANIMATION, AND SOUND FESTIVAL",2025,Various directors,2025-05-10 11:00:00-05:00,2025-05-10,11:00:00
97,"SAIC FILM, VIDEO, NEW MEDIA, ANIMATION, AND SOUND FESTIVAL",2025,Various directors,2025-05-10 13:15:00-05:00,2025-05-10,13:15:00
98,"SAIC FILM, VIDEO, NEW MEDIA, ANIMATION, AND SOUND FESTIVAL",2025,Various directors,2025-05-10 15:30:00-05:00,2025-05-10,15:30:00
99,"SAIC FILM, VIDEO, NEW MEDIA, ANIMATION, AND SOUND FESTIVAL",2025,Various directors,2025-05-10 17:45:00-05:00,2025-05-10,17:45:00
100,"SAIC FILM, VIDEO, NEW MEDIA, ANIMATION, AND SOUND FESTIVAL",2025,Various directors,2025-05-10 20:00:00-05:00,2025-05-10,20:00:00
101,YOUNG HEARTS,2024,Anthony Schatteman,2025-05-04 18:30:00-05:00,2025-05-04,18:30:00
102,MAGIC FARM,2025,Amalia Ulman,2025-05-04 16:15:00-05:00,2025-05-04,16:15:00
103,MAGIC FARM,2025,Amalia Ulman,2025-05-04 18:45:00-05:00,2025-05-04,18:45:00
104,MAGIC FARM,2025,Amalia Ulman,2025-05-04 14:00:00-05:00,2025-05-04,14:00:00
105,LOVE HOTEL,1985,Shinji Somai,2025-05-05 18:00:00-05:00,2025-05-05,18:00:00
106,YOUNG HEARTS,2024,Anthony Schatteman,2025-05-05 20:15:00-05:00,2025-05-05,20:15:00
107,MAGIC FARM,2025,Amalia Ulman,2025-05-05 20:30:00-05:00,2025-05-05,20:30:00
108,MAGIC FARM,2025,Amalia Ulman,2025-05-05 18:15:00-05:00,2025-05-05,18:15:00
109,MAGIC FARM,2025,Amalia Ulman,2025-05-06 20:30:00-05:00,2025-05-06,20:30:00
110,MAGIC FARM,2025,Amalia Ulman,2025-05-06 18:15:00-05:00,2025-05-06,18:15:00
111,MAGIC FARM,2025,Amalia Ulman,2025-05-07 17:45:00-05:00,2025-05-07,17:45:00
112,MAGIC FARM,2025,Amalia Ulman,2025-05-07 20:15:00-05:00,2025-05-07,20:15:00
113,MAGIC FARM,2025,Amalia Ulman,2025-05-08 18:15:00-05:00,2025-05-08,18:15:00
114,MAGIC FARM,2025,Amalia Ulman,2025-05-08 20:30:00-05:00,2025-05-08,20:30:00
115,LILLY,2024,Rachel Feldman,2025-05-09 17:45:00-05:00,2025-05-09,17:45:00
116,APRIL,2025,Dea Kulumbegashvili,2025-05-09 19:45:00-05:00,2025-05-09,19:45:00
117,LILLY,2024,Rachel Feldman,2025-05-10 18:15:00-05:00,2025-05-10,18:15:00
118,LILLY,2024,Rachel Feldman,2025-05-10 11:30:00-05:00,2025-05-10,11:30:00
119,LILLY,2024,Rachel Feldman,2025-05-10 16:15:00-05:00,2025-05-10,16:15:00
120,APRIL,2025,Dea Kulumbegashvili,2025-05-10 20:15:00-05:00,2025-05-10,20:15:00
121,APRIL,2025,Dea Kulumbegashvili,2025-05-10 13:30:00-05:00,2025-05-10,13:30:00
122,MAGIC FARM,2025,Amalia Ulman,2025-05-11 16:30:00-05:00,2025-05-11,16:30:00
123,MAGIC FARM,2025,Amalia Ulman,2025-05-11 14:15:00-05:00,2025-05-11,14:15:00
124,MAGIC FARM,2025,Amalia Ulman,2025-05-11 12:00:00-05:00,2025-05-11,12:00:00
125,LILLY,2024,Rachel Feldman,2025-05-11 16:15:00-05:00,2025-05-11,16:15:00
126,LILLY,2024,Rachel Feldman,2025-05-11 18:45:00-05:00,2025-05-11,18:45:00
127,LILLY,2024,Rachel Feldman,2025-05-11 11:30:00-05:00,2025-05-11,11:30:00
128,APRIL,2025,Dea Kulumbegashvili,2025-05-11 18:15:00-05:00,2025-05-11,18:15:00
129,APRIL,2025,Dea Kulumbegashvili,2025-05-11 13:30:00-05:00,2025-05-11,13:30:00
130,MAGIC FARM,2025,Amalia Ulman,2025-05-12 20:30:00-05:00,2025-05-12,20:30:00
131,LILLY,2024,Rachel Feldman,2025-05-12 18:15:00-05:00,2025-05-12,18:15:00
132,APRIL,2025,Dea Kulumbegashvili,2025-05-12 20:15:00-05:00,2025-05-12,20:15:00
133,MAGIC FARM,2025,Amalia Ulman,2025-05-13 20:30:00-05:00,2025-05-13,20:30:00
134,LILLY,2024,Rachel Feldman,2025-05-13 18:15:00-05:00,2025-05-13,18:15:00
135,APRIL,2025,Dea Kulumbegashvili,2025-05-13 20:15:00-05:00,2025-05-13,20:15:00
136,APRIL,2025,Dea Kulumbegashvili,2025-05-13 17:45:00-05:00,2025-05-13,17:45:00
137,MAGIC FARM,2025,Amalia Ulman,2025-05-14 20:30:00-05:00,2025-05-14,20:30:00
138,LILLY,2024,Rachel Feldman,2025-05-14 18:15:00-05:00,2025-05-14,18:15:00
139,APRIL,2025,Dea Kulumbegashvili,2025-05-14 17:45:00-05:00,2025-05-14,17:45:00
140,APRIL,2025,Dea Kulumbegashvili,2025-05-14 20:15:00-05:00,2025-05-14,20:15:00
141,MAGIC FARM,2025,Amalia Ulman,2025-05-15 20:30:00-05:00,2025-05-15,20:30:00
142,LILLY,2024,Rachel Feldman,2025-05-15 20:00:00-05:00,2025-05-15,20:00:00
143,APRIL,2025,Dea Kulumbegashvili,2025-05-15 17:45:00-05:00,2025-05-15,17:45:00
144,PICNIC AT HANGING ROCK,1975,Peter Weir,2025-05-16 16:30:00-05:00,2025-05-16,16:30:00
145,A MAN AND A WOMAN,1966,Claude Lelouch,2025-05-16 19:30:00-05:00,2025-05-16,19:30:00
146,A MAN AND A WOMAN,1966,Claude Lelouch,2025-05-16 17:15:00-05:00,2025-05-16,17:15:00
147,OPENING NIGHT: SLANTED,2025,Amy Wang,2025-05-16 19:00:00-05:00,2025-05-16,19:00:00
148,APRIL,2025,Dea Kulumbegashvili,2025-05-17 14:45:00-05:00,2025-05-17,14:45:00
149,PICNIC AT HANGING ROCK,1975,Peter Weir,2025-05-17 19:45:00-05:00,2025-05-17,19:45:00
150,A MAN AND A WOMAN,1966,Claude Lelouch,2025-05-17 17:30:00-05:00,2025-05-17,17:30:00
151,A MAN AND A WOMAN,1966,Claude Lelouch,2025-05-17 12:30:00-05:00,2025-05-17,12:30:00
152,THIRD ACT,2025,Tadashi Nakamura,2025-05-17 13:00:00-05:00,2025-05-17,13:00:00
153,"ONE CITY, MANY PERSPECTIVES: AAPI CHICAGO SHORTS",2025,Various directors,2025-05-17 16:00:00-05:00,2025-05-17,16:00:00
154,CAN I GET A WITNESS,2024,Ann Marie Fleming,2025-05-17 19:00:00-05:00,2025-05-17,19:00:00
155,APRIL,2025,Dea Kulumbegashvili,2025-05-18 14:45:00-05:00,2025-05-18,14:45:00
156,A MAN AND A WOMAN,1966,Claude Lelouch,2025-05-18 17:45:00-05:00,2025-05-18,17:45:00
157,A MAN AND A WOMAN,1966,Claude Lelouch,2025-05-18 12:30:00-05:00,2025-05-18,12:30:00
158,YEAR OF THE CAT,2025,Tony Nguyen,2025-05-18 12:00:00-05:00,2025-05-18,12:00:00
159,MARINIG AT MAKITA AKO [HEAR & SEE ME]: FILIPINO AMERICAN SHORTS,2025,Various directors,2025-05-18 14:30:00-05:00,2025-05-18,14:30:00
160,"BEN AND SUZANNE, A REUNION IN 4 PARTS",2024,Shaun Seneviratne,2025-05-18 17:30:00-05:00,2025-05-18,17:30:00
161,PICNIC AT HANGING ROCK,1975,Peter Weir,2025-05-19 20:00:00-05:00,2025-05-19,20:00:00
162,A MAN AND A WOMAN,1966,Claude Lelouch,2025-05-19 17:45:00-05:00,2025-05-19,17:45:00
163,FINDING HOME: AAPI SHORTS,2025,Various directors,2025-05-19 18:00:00-05:00,2025-05-19,18:00:00
164,FAR AND AWAY: AAPI DOCUMENTARY SHORTS,2025,Various directors,2025-05-19 20:30:00-05:00,2025-05-19,20:30:00
165,APRIL,2025,Dea Kulumbegashvili,2025-05-20 20:00:00-05:00,2025-05-20,20:00:00
166,A MAN AND A WOMAN,1966,Claude Lelouch,2025-05-20 17:45:00-05:00,2025-05-20,17:45:00
167,BITTERROOT,2024,Vera Brunner-Sung,2025-05-20 18:00:00-05:00,2025-05-20,18:00:00
168,CHOOSING OURSELVES: AAPI QUEER SHORTS,2025,Various directors,2025-05-20 20:30:00-05:00,2025-05-20,20:30:00
169,PICNIC AT HANGING ROCK,1975,Peter Weir,2025-05-21 17:45:00-05:00,2025-05-21,17:45:00
170,A MAN AND A WOMAN,1966,Claude Lelouch,2025-05-21 20:15:00-05:00,2025-05-21,20:15:00
171,NEW WAVE,2025,Elizabeth Ai,2025-05-21 18:00:00-05:00,2025-05-21,18:00:00
172,ROADBLOCKS: AAPI SHORTS,2025,Various directors,2025-05-21 20:30:00-05:00,2025-05-21,20:30:00
173,APRIL,2025,Dea Kulumbegashvili,2025-05-22 20:00:00-05:00,2025-05-22,20:00:00
174,A MAN AND A WOMAN,1966,Claude Lelouch,2025-05-22 17:45:00-05:00,2025-05-22,17:45:00
175,CLOSING NIGHT: THE WEDDING BANQUET,2025,Andrew Ahn,2025-05-22 19:00:00-05:00,2025-05-22,19:00:00
176,PICNIC AT HANGING ROCK,1975,Peter Weir,2025-05-23 18:00:00-05:00,2025-05-23,18:00:00
177,A MAN AND A WOMAN,1966,Claude Lelouch,2025-05-23 20:30:00-05:00,2025-05-23,20:30:00
178,JANE AUSTEN WRECKED MY LIFE,2025,Laura Piani,2025-05-23 20:15:00-05:00,2025-05-23,20:15:00
179,JANE AUSTEN WRECKED MY LIFE,2025,Laura Piani,2025-05-23 18:15:00-05:00,2025-05-23,18:15:00
180,PICNIC AT HANGING ROCK,1975,Peter Weir,2025-05-24 19:00:00-05:00,2025-05-24,19:00:00
181,PICNIC AT HANGING ROCK,1975,Peter Weir,2025-05-24 16:30:00-05:00,2025-05-24,16:30:00
182,A MAN AND A WOMAN,1966,Claude Lelouch,2025-05-24 12:15:00-05:00,2025-05-24,12:15:00
183,JANE AUSTEN WRECKED MY LIFE,2025,Laura Piani,2025-05-24 17:15:00-05:00,2025-05-24,17:15:00
184,JANE AUSTEN WRECKED MY LIFE,2025,Laura Piani,2025-05-24 12:00:00-05:00,2025-05-24,12:00:00
185,JANE AUSTEN WRECKED MY LIFE,2025,Laura Piani,2025-05-24 19:15:00-05:00,2025-05-24,19:15:00
186,JANE AUSTEN WRECKED MY LIFE,2025,Laura Piani,2025-05-24 14:30:00-05:00,2025-05-24,14:30:00
187,THE IMPORTANCE OF BEING EARNEST,2024,Max Webster,2025-05-24 14:00:00-05:00,2025-05-24,14:00:00
188,PICNIC AT HANGING ROCK,1975,Peter Weir,2025-05-25 16:30:00-05:00,2025-05-25,16:30:00
189,A MAN AND A WOMAN,1966,Claude Lelouch,2025-05-25 12:15:00-05:00,2025-05-25,12:15:00
190,JANE AUSTEN WRECKED MY LIFE,2025,Laura Piani,2025-05-25 12:00:00-05:00,2025-05-25,12:00:00
191,JANE AUSTEN WRECKED MY LIFE,2025,Laura Piani,2025-05-25 14:30:00-05:00,2025-05-25,14:30:00
192,JANE AUSTEN WRECKED MY LIFE,2025,Laura Piani,2025-05-25 17:15:00-05:00,2025-05-25,17:15:00
193,THE IMPORTANCE OF BEING EARNEST,2024,Max Webster,2025-05-25 14:00:00-05:00,2025-05-25,14:00:00
194,PICNIC AT HANGING ROCK,1975,Peter Weir,2025-05-26 15:30:00-05:00,2025-05-26,15:30:00
195,PICNIC AT HANGING ROCK,1975,Peter Weir,2025-05-26 18:00:00-05:00,2025-05-26,18:00:00
196,A MAN AND A WOMAN,1966,Claude Lelouch,2025-05-26 20:30:00-05:00,2025-05-26,20:30:00
197,JANE AUSTEN WRECKED MY LIFE,2025,Laura Piani,2025-05-26 16:15:00-05:00,2025-05-26,16:15:00
198,JANE AUSTEN WRECKED MY LIFE,2025,Laura Piani,2025-05-26 18:15:00-05:00,2025-05-26,18:15:00
199,JANE AUSTEN WRECKED MY LIFE,2025,Laura Piani,2025-05-26 20:15:00-05:00,2025-05-26,20:15:00
200,PICNIC AT HANGING ROCK,1975,Peter Weir,2025-05-27 20:15:00-05:00,2025-05-27,20:15:00
201,A MAN AND A WOMAN,1966,Claude Lelouch,2025-05-27 18:00:00-05:00,2025-05-27,18:00:00
202,JANE AUSTEN WRECKED MY LIFE,2025,Laura Piani,2025-05-27 18:15:00-05:00,2025-05-27,18:15:00
203,JANE AUSTEN WRECKED MY LIFE,2025,Laura Piani,2025-05-27 20:30:00-05:00,2025-05-27,20:30:00
204,PICNIC AT HANGING ROCK,1975,Peter Weir,2025-05-28 18:00:00-05:00,2025-05-28,18:00:00
205,A MAN AND A WOMAN,1966,Claude Lelouch,2025-05-28 20:30:00-05:00,2025-05-28,20:30:00
206,JANE AUSTEN WRECKED MY LIFE,2025,Laura Piani,2025-05-28 18:15:00-05:00,2025-05-28,18:15:00
207,JANE AUSTEN WRECKED MY LIFE,2025,Laura Piani,2025-05-28 20:15:00-05:00,2025-05-28,20:15:00
208,PICNIC AT HANGING ROCK,1975,Peter Weir,2025-05-29 20:15:00-05:00,2025-05-29,20:15:00
209,A MAN AND A WOMAN,1966,Claude Lelouch,2025-05-29 18:00:00-05:00,2025-05-29,18:00:00
210,JANE AUSTEN WRECKED MY LIFE,2025,Laura Piani,2025-05-29 20:30:00-05:00,2025-05-29,20:30:00
211,JANE AUSTEN WRECKED MY LIFE,2025,Laura Piani,2025-05-29 18:15:00-05:00,2025-05-29,18:15:00
212,MAGIC FARM,2025,Amalia Ulman,2025-05-02 18:00:00-05:00,2025-05-02,18:00:00
213,LOVE HOTEL,1985,Shinji Somai,2025-05-02 18:15:00-05:00,2025-05-02,18:15:00
214,LOVE HOTEL,1985,Shinji Somai,2025-05-02 20:15:00-05:00,2025-05-02,20:15:00
215,MAGIC FARM,2025,Amalia Ulman,2025-05-02 20:30:00-05:00,2025-05-02,20:30:00
216,YOUNG HEARTS,2024,Anthony Schatteman,2025-05-03 12:45:00-05:00,2025-05-03,12:45:00
217,MAGIC FARM,2025,Amalia Ulman,2025-05-03 13:00:00-05:00,2025-05-03,13:00:00
218,LOVE HOTEL,1985,Shinji Somai,2025-05-03 15:00:00-05:00,2025-05-03,15:00:00
219,MAGIC FARM,2025,Amalia Ulman,2025-05-03 15:15:00-05:00,2025-05-03,15:15:00
220,YOUNG HEARTS,2024,Anthony Schatteman,2025-05-03 17:15:00-05:00,2025-05-03,17:15:00
221,MAGIC FARM,2025,Amalia Ulman,2025-05-03 18:00:00-05:00,2025-05-03,18:00:00
222,LOVE HOTEL,1985,Shinji Somai,2025-05-03 19:45:00-05:00,2025-05-03,19:45:00
223,MAGIC FARM,2025,Amalia Ulman,2025-05-03 20:30:00-05:00,2025-05-03,20:30:00
224,CAN I GET A WITNESS?,2024,Ann Marie Fleming,2025-05-17 19:00:00-05:00,2025-05-17,19:00:00
225,WRITTEN ON THE WIND,1956,Douglas Sirk,2025-06-01 13:30:00-05:00,2025-06-01,13:30:00
226,WHAT EVER HAPPENED TO BABY JANE?,1962,Robert Aldrich,2025-06-02 17:45:00-05:00,2025-06-02,17:45:00
227,"BLACK HARVEST PRESENTS: MAHOGANY AT 50 â€” ON STYLE, MEMORY, AND MEANING",2025,Various directors,2025-06-03 18:00:00-05:00,2025-06-03,18:00:00
228,M*A*S*H,1970,Robert Altman,2025-06-04 18:00:00-05:00,2025-06-04,18:00:00
229,GREY GARDENS,1975,"David Maysles, Albert Maysles, Ellen Hovde, Muffie Meyer",2025-06-05 18:00:00-05:00,2025-06-05,18:00:00
230,FEMALE TROUBLE,1974,John Waters,2025-06-06 20:00:00-05:00,2025-06-06,20:00:00
231,M*A*S*H,1970,Robert Altman,2025-06-07 14:00:00-05:00,2025-06-07,14:00:00
232,SHOWGIRLS,1995,Paul Verhoeven,2025-06-07 20:30:00-05:00,2025-06-07,20:30:00
233,MOMMIE DEAREST,1981,Frank Perry,2025-06-08 16:00:00-05:00,2025-06-08,16:00:00
234,WRITTEN ON THE WIND,1956,Douglas Sirk,2025-06-09 18:15:00-05:00,2025-06-09,18:15:00
235,BREWSTER MCCLOUD,1970,Robert Altman,2025-06-11 18:00:00-05:00,2025-06-11,18:00:00
236,BOOM!,1968,Joseph Losey,2025-06-13 20:15:00-05:00,2025-06-13,20:15:00
237,BREWSTER MCCLOUD,1970,Robert Altman,2025-06-14 14:00:00-05:00,2025-06-14,14:00:00
238,42ND STREET,1933,Lloyd Bacom,2025-06-14 12:00:00-05:00,2025-06-14,12:00:00
239,KING KONG,1933,"Merian C. Cooper, Ernest B. Schoedsack",2025-06-14 20:30:00-05:00,2025-06-14,20:30:00
240,GREY GARDENS,1975,"David Maysles, Albert Maysles, Ellen Hovde, Muffie Meyer",2025-06-15 14:00:00-05:00,2025-06-15,14:00:00
241,MOMMIE DEAREST,1981,Frank Perry,2025-06-16 18:00:00-05:00,2025-06-16,18:00:00
242,MCCABE & MRS. MILLER,1971,Robert Altman,2025-06-18 18:00:00-05:00,2025-06-18,18:00:00
243,SHOWGIRLS,1995,Paul Verhoeven,2025-06-20 20:30:00-05:00,2025-06-20,20:30:00
244,BOOM!,1968,Joseph Losey,2025-06-21 20:00:00-05:00,2025-06-21,20:00:00
245,MCCABE & MRS. MILLER,1971,Robert Altman,2025-06-21 14:00:00-05:00,2025-06-21,14:00:00
246,SABBATH QUEEN,2024,Sandi Simcha Dubowski,2025-06-21 17:00:00-05:00,2025-06-21,17:00:00
247,WHAT EVER HAPPENED TO BABY JANE?,1962,Robert Aldrich,2025-06-22 14:00:00-05:00,2025-06-22,14:00:00
248,SABBATH QUEEN,2024,Sandi Simcha Dubowski,2025-06-22 17:00:00-05:00,2025-06-22,17:00:00
249,THE DEVIL IS A WOMAN,1935,Josef von Sternberg,2025-06-23 18:15:00-05:00,2025-06-23,18:15:00
250,IMAGES,1972,Robert Altman,2025-06-25 18:00:00-05:00,2025-06-25,18:00:00
251,LIGHTNING,1952,Mikio Naruse,2025-06-26 18:00:00-05:00,2025-06-26,18:00:00
252,FEMALE TROUBLE,1974,John Waters,2025-06-27 18:00:00-05:00,2025-06-27,18:00:00
253,THE DEVIL IS A WOMAN,1935,Josef von Sternberg,2025-06-28 18:00:00-05:00,2025-06-28,18:00:00
254,IMAGES,1972,Robert Altman,2025-06-28 14:00:00-05:00,2025-06-28,14:00:00
255,A STREETCAR NAMED DESIRE,2025,Benedict Andrews,2025-06-28 14:15:00-05:00,2025-06-28,14:15:00
256,KING KONG,1933,"Merian C. Cooper, Ernest B. Schoedsack",2025-06-29 12:00:00-05:00,2025-06-29,12:00:00
257,A STREETCAR NAMED DESIRE,2025,Benedict Andrews,2025-06-29 14:15:00-05:00,2025-06-29,14:15:00
258,42ND STREET,1933,Lloyd Bacom,2025-06-30 20:30:00-05:00,2025-06-30,20:30:00
259,FILMS FOR ONE TO EIGHT PROJECTORS,2008,Roger Beebe,2025-06-30 18:00:00-05:00,2025-06-30,18:00:00
